id,username,created_at,lng,lat,text
1517199899028250625,revgpp,Thu Apr 21 17:53:38 +0000 2022,-1.2074825,53.9318445,A short stroll has turned into a much longer stroll &amp; I've discovered places that I've only ever driven past at spe‚Ä¶ https://t.co/r9is6dk5PZ
1517199900433395713,FPL_here_fishy,Thu Apr 21 17:53:39 +0000 2022,0.0640235,51.2010105,@Linn_FPL Spanish national anthem.
1517199904682266626,breggertelli,Thu Apr 21 17:53:40 +0000 2022,-2.2038685,52.526056499999996,@AddicksBlinders Zoom out there‚Äôll be more empty‚Äôs
1517199906175340545,chardonnay333,Thu Apr 21 17:53:40 +0000 2022,-1.4796525,53.4651635,@BBCNews I'm sure he will be fine this is 2022 not 1945 don't believe all you read in the news
1517199908557791234,pup_ubu,Thu Apr 21 17:53:41 +0000 2022,-2.1540125000000003,53.0193965,@NerdyGimpSlave @GayBadger_UK The badger doesn't seem unhappy with the situation. üòè
1517199908981325826,leahb_06,Thu Apr 21 17:53:41 +0000 2022,-4.0311015,55.859916,just want to fast forward until the day i die.
1517199912366129153,karenfthompson,Thu Apr 21 17:53:41 +0000 2022,0.5115780000000001,52.2204505,@robbycameron1 I figured xx
1517199913536294912,pizzapiazza76,Thu Apr 21 17:53:42 +0000 2022,-1.396467,50.921327500000004,So where we going on holiday together then ?? And go ?? #vacation #holiday #twitterville #freinds
1517199914136133632,janepearce53,Thu Apr 21 17:53:42 +0000 2022,-1.746066,50.743913,@shinners67 All good thoughts coming your way
1517199916111736833,PortsmouthLanes,Thu Apr 21 17:53:42 +0000 2022,-1.0669855,50.818864500000004,@Charles26799818 BOOP
1517199916711428097,RichardBratby,Thu Apr 21 17:53:43 +0000 2022,-1.8192455,52.684338999999994,@SoVeryBritish Any small British market town will have at least one Indian and one Thai restaurant that is better t‚Ä¶ https://t.co/6SXQlRETua
1517199918225666048,phil_woodford,Thu Apr 21 17:53:43 +0000 2022,-2.764491,53.8785435,@NicolaLPotts Knew you‚Äôd like üëç @JamesTitcombe @babylifeline
1517199922600333313,JL_Corbett,Thu Apr 21 17:53:44 +0000 2022,-0.33394250000000003,53.765817,"#Writers! Join us on 2nd May to talk about diversity in indie publishing, opportunities for emerging writers and mu‚Ä¶ https://t.co/UsMMrWr04S"
1517199922851979264,jones2_me,Thu Apr 21 17:53:44 +0000 2022,-3.029984,51.645594,"@woofyminpin Henlow great to see your beautiful face again Rupee,"
1517199922575159296,JKJeonEuphoria,Thu Apr 21 17:53:44 +0000 2022,-2.0093330000000003,52.514873,@stan_manna @wowthatshiphop False https://t.co/vDyrNAmRCO
1517199924231815170,barneydrums,Thu Apr 21 17:53:44 +0000 2022,1.2730815,52.641483,A Fine City üíöüíõ#Norwich #Norfolk https://t.co/2tTdCNbwij
1517199927356579840,AndrewHarbison1,Thu Apr 21 17:53:45 +0000 2022,-6.7754335,53.649918,"@leo1979xz @electpoliticsuk In PR it doesn‚Äôt pay to be out on a limb. Polls pick up first preference votes, but are‚Ä¶ https://t.co/BLboHm5WG6"
1517199929453826050,ElaineAdu_Poku,Thu Apr 21 17:53:46 +0000 2022,-0.2631405,51.5651955,I think this is why I couldn't be an impartial journalist as I would be getting complaints for the hell yeah after‚Ä¶ https://t.co/c0hEgmnIin
1517199932104527872,duncmacis,Thu Apr 21 17:53:46 +0000 2022,0.026298999999999996,51.39432,@SimonTuffen @SoVeryBritish I have found my soulmate!
1517199932196851713,lizward1174,Thu Apr 21 17:53:46 +0000 2022,-3.4675190000000002,53.2921635,@RozWilson7 Dear God yes.
1517199932729757696,MsKateHolmes,Thu Apr 21 17:53:46 +0000 2022,-2.23348,53.4569525,"@Holmes26John The French one is in my top three of the world, it‚Äôs superb!"
1517199937724891136,TitchTV,Thu Apr 21 17:53:48 +0000 2022,-1.76682,53.8159335,The tatty hat is back for the season!!! https://t.co/QJvFjAkr9A
1517199940052832256,scronti,Thu Apr 21 17:53:48 +0000 2022,-0.5765199999999999,53.1970605,@PastoralLead I received a lovely letter from the board thanking me for all my hard work over the last year. Made m‚Ä¶ https://t.co/67IxrirGBI
1517199947178905600,ADStoker,Thu Apr 21 17:53:50 +0000 2022,-3.927119,50.997507,@bobblestea @_EnGee But which one?
1517199951851409408,camclarfi,Thu Apr 21 17:53:51 +0000 2022,-4.6519525,55.9647565,@ScotNational @Douglas4Moray supports @BorisJohnson and has made that crystal clear. #ToriesPartiedWhilePeopleDied‚Ä¶ https://t.co/DYb3HiCcrU
1517199957484523520,protecths,Thu Apr 21 17:53:52 +0000 2022,-0.1909515,51.9023015,@BelliniMom Will they remove Bibles and Qurans for containing pornographic verses‚Ä¶ and for promoting and endorsing killing people?
1517199961884176384,JOHNROB79,Thu Apr 21 17:53:53 +0000 2022,-1.613723,55.3885605,Corporate invite ?? ü§£ü§£ü§£ Are these real ppl on that site ? Anyhow #TotalSport have just advertised a bring a scarf a‚Ä¶ https://t.co/8vDmCC9XmG
1517199964019085312,veron_elliott,Thu Apr 21 17:53:54 +0000 2022,-6.2476215,53.354902499999994,"@RichardGeogheg9 Thanks Richard, keeps the brain activeüòÅ"
1517199969194754049,WarphobblerKaz,Thu Apr 21 17:53:55 +0000 2022,-4.0016169999999995,52.404436,"@LouWaters_QI No, not yet. X"
1517199970281132033,tpmach,Thu Apr 21 17:53:55 +0000 2022,-2.5853900000000003,51.457876999999996,@polbikers @bikerpicsuk Great shot üôå
1517199972181102595,Pocolow,Thu Apr 21 17:53:56 +0000 2022,-2.135494,53.2676505,@MacclesfieldTC Has he got a license  to show those legs in April?  üòÑüòÑ
1517199972529229827,NiallLCFC,Thu Apr 21 17:53:56 +0000 2022,-0.54739,53.220721,"@SpogBWFC Believe it or not, no."
1517199972663537670,Word_Service,Thu Apr 21 17:53:56 +0000 2022,-2.124442,52.493733500000005,@Lynn_Nothegger No but I walked over this one and that was bad enough https://t.co/XhAXFB4aFk
1517199973158375427,MartinW15495053,Thu Apr 21 17:53:56 +0000 2022,-0.7542615,51.410747,"""Con"" servative party election broadcast condescending bunch of oinks why is a pot hole more important than a famil‚Ä¶ https://t.co/kLsciEM1GG"
1517199977566457856,SwanseaSuPres,Thu Apr 21 17:53:57 +0000 2022,-3.177385,51.48844978,One more post to celebrate the 3 awards that our Students‚Äô Union won at NUS Wales conference! üè¥Û†ÅßÛ†Å¢Û†Å∑Û†Å¨Û†Å≥Û†ÅøSo proud of‚Ä¶ https://t.co/00OzvEj94Z
1517199978904629248,Douglas_Pullen,Thu Apr 21 17:53:57 +0000 2022,-1.56549,53.801956000000004,@jaseman38 @thatjameskirk @ACJCMoo @HaggasRob @padochka @DMuggleton @KHARPProject Second this -speak to as many peo‚Ä¶ https://t.co/lPCRc5eWlJ
1517199979655438336,TayUHC,Thu Apr 21 17:53:58 +0000 2022,-3.927119,50.997507,@AWhivenGuy I wish my girlfriend was as hot as Guantanamo Bay
1517199979919679488,WillieMcAlpine,Thu Apr 21 17:53:58 +0000 2022,-0.33394250000000003,53.765817,@davidkbruce High school? Are you sending him to America?
1517199980234162177,WellsTracy,Thu Apr 21 17:53:58 +0000 2022,-3.0794505,54.190357,@dralisonj Very true! Xx
1517199980267716609,StacyDraper9,Thu Apr 21 17:53:58 +0000 2022,-0.017990000000000003,51.454107,@TeaGreenMoth What a beautiful fur baby! üòªüòªüòª‚ù§‚ù§‚ù§üêæü§çüß°üñ§
1517199982281043969,BrianLa13440723,Thu Apr 21 17:53:58 +0000 2022,-1.3771355,52.914181,@MasterTomTheDom @Kurothesadistic I wish that was me
1517199981786058755,Marylouise1990x,Thu Apr 21 17:53:58 +0000 2022,-2.181162,51.2066065,When ya niece decides to play with her peekaboo with her ball pit https://t.co/1UMm0A67m9
1517199989230944257,paulgoggins67,Thu Apr 21 17:54:00 +0000 2022,-2.23348,53.4569525,@Robbo4MCFC Would sell Sterling before either of them.
1517199991479185408,etkwebster,Thu Apr 21 17:54:00 +0000 2022,-4.0662275,55.778186,"So where is Gove? Is this the plan, BJ gets dragged out kicking and screaming and there's slimeball Gove waiting in‚Ä¶ https://t.co/9Gnhmsk97a"
1517199993106538496,keith0sta,Thu Apr 21 17:54:01 +0000 2022,-6.2476215,53.354902499999994,@JBlaze69er @1DjT1 @1us45 @1be3z @RnkSt7 @IANOsta @goldisez @IndyMagz @smrose29 @crnkitupg @PaulMer53 @CarvingJack‚Ä¶ https://t.co/HIIrIFlhlb
1517199994574581761,leahb_06,Thu Apr 21 17:54:01 +0000 2022,-4.0311015,55.859916,just want to fast forward to the day i die.
1517199999016255488,splunge20,Thu Apr 21 17:54:02 +0000 2022,-1.3713875,53.3074205,"@alison98753590 @AlanUrdaibay @Bren4Bassetlaw @pritipatel Still be the same level of migration, Rwandans being sent‚Ä¶ https://t.co/s6hsMEZQdt"
1517200000501092354,Tezza__Lee,Thu Apr 21 17:54:02 +0000 2022,-1.5876815,55.140302,@penman_stewart @ChipperfieldNot Aye aye I believe you mateü§£
1517199998328479746,qmamodlangs,Thu Apr 21 17:54:02 +0000 2022,-4.6249165,55.466068,And they're off!  S6@QMAOfficial leave the building for the last time. https://t.co/FhdZFjobJO
1517200001436467201,oafcphonein,Thu Apr 21 17:54:03 +0000 2022,-2.1168695,53.542865500000005,@PaddyNoWheels I‚Äôm comfortably numb
1517200001184718849,yaa_is_flying,Thu Apr 21 17:54:03 +0000 2022,-0.993172,53.729328,G-YOAA spotted at 18:53. Speed: 109 knots at 1180ft on heading: 76deg. Location: https://t.co/DUlpUPlZ0c Photo:‚Ä¶ https://t.co/7pnFFGWYIM
1517199999905546240,_Ninji,Thu Apr 21 17:54:02 +0000 2022,-4.2417514999999995,55.85830249999999,We got a ‚ÄúBob‚Äù mini dishwasher and I am extremely upset by the way it renders progress on the screenThe timer see‚Ä¶ https://t.co/ICFjepOjmE
1517200005941112836,viggars16,Thu Apr 21 17:54:04 +0000 2022,-2.8516565,53.415257,Daily #covid deaths continue to rise &amp; I suspect lower daily cases are because testing is no longer free.  It‚Äôs now‚Ä¶ https://t.co/71Fe91wiLz
1517200006645702658,JanetMarsden,Thu Apr 21 17:54:04 +0000 2022,-3.0033305,53.632616,Exactly.  A barm cake!
1517200008759685120,thorntreebarn,Thu Apr 21 17:54:04 +0000 2022,-4.200441,57.739454,@mikesaltsman194 Fingers crossed for a swift and full recovery
1517200009338437635,zaiiii1_,Thu Apr 21 17:54:05 +0000 2022,-0.354022,51.723704,@af_00_ you‚Äôve got this sis! just take tackle it bit by bit
1517200009707474944,LpoolLiveJobs,Thu Apr 21 17:54:05 +0000 2022,-3.00092773,53.41801635,"Utility Operative - Rochdale, Lancashire - ¬£9.44 to ¬£10.57 Per Hour https://t.co/JKgwdL1ZMn - Click to apply #JobsInLiverpool #Jobibo"
1517200013390192641,WeAreCraftRep,Thu Apr 21 17:54:06 +0000 2022,-3.255349,51.4070695,"Parade from @TheBeakBrewery is pouring on tap 12. This 6% IPA is full of  fruity bubblegum notes, expect mango, ora‚Ä¶ https://t.co/vHP9Jcesdx"
1517200017945157633,madcyril69,Thu Apr 21 17:54:07 +0000 2022,-0.4163795,54.2751285,"@StartAnew71 @slimshaney42 And next month, Jacqlyn, I‚Äôm taking Shane up to meet the Murray Clan üòúüè¥Û†ÅßÛ†Å¢Û†Å≥Û†Å£Û†Å¥Û†Åø.  Gonna sh‚Ä¶ https://t.co/tXyRZyH0CS"
1517200018800791552,huckfieldphoto,Thu Apr 21 17:54:07 +0000 2022,-1.81916962,52.55691384,Just posted a photo @ Sutton Coldfield Town Football Club https://t.co/m09B744UlF
1517200022798012419,the_fbpe,Thu Apr 21 17:54:08 +0000 2022,-2.1638805000000003,51.84729,@Wulf_Helm At best he's an eco btard
1517200023527829505,lufc1919,Thu Apr 21 17:54:08 +0000 2022,-1.56549,53.801956000000004,"@TalkTV Dick, people bring cakes into office all the time for birthdays. What‚Äôs different?"
1517200027034267650,Mozelburg212,Thu Apr 21 17:54:09 +0000 2022,-2.7092169999999998,52.371362,@adwkwlawnaw @Keir_Starmer I think it's a bit more than cake that is hopefully going to bring Johnson down.
1517200034420428800,BhoyDrew,Thu Apr 21 17:54:11 +0000 2022,-4.200441,57.739454,@RangersBanter17 Scott Brown still rent free in your heads..ü§£ü§£ü§£ü§£ü§£ü§£ü§£ü§£
1517200035829714944,greg_curious,Thu Apr 21 17:54:11 +0000 2022,-3.2030085,55.9431955,@fr4ser Bit like @ScotGovFM does in Scotland with the news outlets in her pocket.Eh @STVNews @BBCScotlandNews @BBCScotNine
1517200039965249536,TonyRoddUK,Thu Apr 21 17:54:12 +0000 2022,0.014989500000000003,51.4715045,"@Peston And if found to have misled parliament,  he'll still refuse to stand down...  grrr"
1517200040749633539,AnneClaffey1,Thu Apr 21 17:54:12 +0000 2022,-6.2476215,53.354902499999994,"@charliersmith1 Nothing like a walk in the sunshine üåû for the old mental health, Charlie! I've been struggling beca‚Ä¶ https://t.co/EB6cTmReLP"
1517200041458470912,ShaneMeneer,Thu Apr 21 17:54:12 +0000 2022,-3.927119,50.997507,@PADDYWILO71 @TurnItUp79 You know I played with Jan molby yeh?You seriously have problems just cos you don‚Äôt know‚Ä¶ https://t.co/zANjJZBxkZ
1517200041965936641,DanSing67540433,Thu Apr 21 17:54:12 +0000 2022,-0.36118,51.525432499999994,Requesting $CELO funds from the #Stakely Faucet on the Celo blockchain. Request ID: SUMXDHDU #privacy https://t.co/LfZdbcJp0u
1517200042268012544,sqlblues,Thu Apr 21 17:54:12 +0000 2022,-0.7640635,52.033567000000005,@NigelGarbage @Wooshell1977 @Tobias_Ellwood @BestForBritain At that time the domestic rule was six people there are‚Ä¶ https://t.co/JeHj5megN8
1517200042842537986,thebrosgeekout,Thu Apr 21 17:54:13 +0000 2022,-0.055730999999999996,51.718321,Batman listening to #Nirvana is just way to awesome üéß #TheBatman https://t.co/GGKkXIdC7V
1517200043756986368,TayUHC,Thu Apr 21 17:54:13 +0000 2022,-3.927119,50.997507,@AWhivenGuy Sunburn will last longer
1517200044113473536,FromNurse,Thu Apr 21 17:54:13 +0000 2022,-6.435734,54.426466500000004,@DrNeenaJha @Katynurse27 Tired staff get burnt out/ higher rates of sickness/ medication errors ... another mid sta‚Ä¶ https://t.co/aDik7ZZYnu
1517200050534944768,PPI_poppet,Thu Apr 21 17:54:14 +0000 2022,-1.396467,50.921327500000004,@TharushaGunawa4 The determination on his face ! üòç
1517200050715250694,dazzflix153,Thu Apr 21 17:54:14 +0000 2022,-2.124442,52.493733500000005,@iain_mears @dean8001 @frealUK @altontowers I wud say the later.
1517200052330110978,Gurpree16149456,Thu Apr 21 17:54:15 +0000 2022,-0.4593665,52.1374735,@iJasOberoi Tum log humara jooti ke niche hi rahega is the only context which perfectly fits here and they have no‚Ä¶ https://t.co/b1f46zOsxK
1517200056042065923,NickDunn1986,Thu Apr 21 17:54:16 +0000 2022,-1.570206,55.1801545,@__FMB_ Biden needs removed hes a liability
1517200057442971648,Adrian_Corbett,Thu Apr 21 17:54:16 +0000 2022,-0.7902739999999999,50.733176,@barrydiz @PaulEmbery @unherd Worked with South Africa.Really brought things to the attention of the general public there.
1517200059082944512,millie80r,Thu Apr 21 17:54:16 +0000 2022,-2.780237,56.0462055,Through our garden gate today#eastlothian #Flowers #scottishgardens #gardening #GardenersWorld #tulips #spring‚Ä¶ https://t.co/JGITSYcnOS
1517200060777439241,ROGERSAYER6,Thu Apr 21 17:54:17 +0000 2022,-2.915427,53.4198785,@GretaThunberg Nooo butterfly's https://t.co/Fdvc8Thbso
1517200062400577538,JakeWJames,Thu Apr 21 17:54:17 +0000 2022,-2.915427,53.4198785,"Had loads of hate messages of the messi video, do I make a Tiktok skit on them taking the piss because they are hilarious"
1517200065252806657,yasirsufi,Thu Apr 21 17:54:18 +0000 2022,-2.4837505,53.728524,@MWM_BRCT @BRFCTrust proud of you bud! üíôü§ç
1517200067437989889,KKerowgodage,Thu Apr 21 17:54:18 +0000 2022,-0.018734,51.5992555,@Shiba_King1991 @GrandpaApeCC @PsychonautApeD @ShibainuCoin Smeeesh PAD FAM!!! üöÄüìàü¶çüëÄüåà https://t.co/oybCMFrakO
1517200069774118914,jones2_me,Thu Apr 21 17:54:19 +0000 2022,-3.029984,51.645594,@davidsupercat A stunningly beautiful elegant armful of Dilly
1517200071544258568,rydomcginley67,Thu Apr 21 17:54:19 +0000 2022,-4.2417514999999995,55.85830249999999,@MarkMenzies9 Agreed marküëèüëè
1517200070390726661,AnneMGoldsmith,Thu Apr 21 17:54:19 +0000 2022,-0.7640635,52.033567000000005,Happy Thankful Thursday!  Wow!  Wow!  Wow! I am so very thankful for the incredible 5th session I've had with m‚Ä¶ https://t.co/x6qVd69S83
1517200076833177601,TheGoverner99,Thu Apr 21 17:54:21 +0000 2022,-0.017990000000000003,51.454107,Any word on Olise from last night? #CPFC
1517200076933898241,rodbeaton1949,Thu Apr 21 17:54:21 +0000 2022,-0.660743,51.798623500000005,@campbellclaret Yawn ü•±
1517200076808073216,MattTHFC1,Thu Apr 21 17:54:21 +0000 2022,1.120798,51.079370499999996,Still got some victoria on the PD. Cracking beer this. https://t.co/rivHlWn2A2
1517200077986889728,johnfeath,Thu Apr 21 17:54:21 +0000 2022,-1.4496120000000001,53.3831645,"""Is THIS cool? Is THIS cool? Is THIS cool? This guy - cool, is he?""https://t.co/8SjDv6LN6L"
1517200078640922624,1983Jackhancock,Thu Apr 21 17:54:21 +0000 2022,-2.3495665,53.475303499999995,@jessphillips He clearly doesn‚Äôt think honesty matters though. Kind of puts a dampener on his speech.
1517200084550758401,EmyrWynOwen1,Thu Apr 21 17:54:23 +0000 2022,-3.6961225,53.285672500000004,@jdwallis Never üòÜüòÜ
1517200091131613186,TitchTV,Thu Apr 21 17:54:24 +0000 2022,-1.76682,53.8159335,@PorscheCIub @HA11NNH Yummy üòé
1517200092696043522,PontPerformArts,Thu Apr 21 17:54:24 +0000 2022,-1.7527905000000001,55.040091000000004,"@asaintmaximin Thank YOU, for everything üñ§‚öΩÔ∏èüñ§"
1517200095380451329,warmleyjay,Thu Apr 21 17:54:25 +0000 2022,-2.5853900000000003,51.457876999999996,@Apwhite1402 @JohnBeTweeting @triscoe I‚Äôm surprised at that more than you are üòÇüòÇüòÇ https://t.co/F5KzPhhP2P
1517200095409840131,davejohno9,Thu Apr 21 17:54:25 +0000 2022,-3.054671,53.814101,If I have enough to drink I could possible believe I‚Äôm in vegas https://t.co/eAtiN5k7ml
1517200097007869963,ElaineC_reviews,Thu Apr 21 17:54:25 +0000 2022,-0.115406,51.4603395,@ItsJarrodJ @SW_Help Think it's around midday
1517200096798154752,dominiquemcd,Thu Apr 21 17:54:25 +0000 2022,-4.172646,55.8209155,"Fillet steak, chicken &amp; chorizo skewers &amp; a medley of paprika veg with a baked potato @gavio_mercury delivers again‚Ä¶ https://t.co/yvfJkc7WYg"
1517200100887511040,Barnabybear70,Thu Apr 21 17:54:26 +0000 2022,-5.928413,54.595869,@SeanBra33633981 Did you visit Area 51 https://t.co/8BmyCytnZL
1517200102426918914,NatashaAght,Thu Apr 21 17:54:27 +0000 2022,0.24744449999999998,52.020831,@DrDLittle That‚Äôs actually the main entrance to A&amp;E
1517200102494023680,sharneeliza_,Thu Apr 21 17:54:27 +0000 2022,-2.1540125000000003,53.0193965,Will you be joining us in Manchester?
1517200105845182464,geordiemanc70,Thu Apr 21 17:54:28 +0000 2022,-0.792788,54.135582,Not a bad view from digs. We even have wild bunnies hopping around. But we hear there is a Bad Kitty down at‚Ä¶ https://t.co/fv2TFeJVLy
1517200113445261314,jingshen0408,Thu Apr 21 17:54:29 +0000 2022,-4.200441,57.739454,"@Cryptochilly @richardtwyning @FitbitUK @FitbitSupport I have been through exactly the same thing. Refund failed, n‚Ä¶ https://t.co/wtPbaLGsrL"
1517200114665889792,krism3335,Thu Apr 21 17:54:30 +0000 2022,-4.4967795,55.611852,@NorseSon @DefNotJKen @KerryFail @CelticFC I'm a fuckwit .He realised
1517200116087767042,WillBurnell10,Thu Apr 21 17:54:30 +0000 2022,-1.2225015,54.5594145,@fletcher082 @ScouseSocialis2 Found a wallet on Sunday in London had money in it and cards found the info in it and‚Ä¶ https://t.co/vgLsGVYMSG
1517200120244285440,chrisphin,Thu Apr 21 17:54:31 +0000 2022,-2.955045,56.476952,"@hbluehouse Ooooh, I forgot to make @jacky_writes listen to my dubstep remix of the theme!"
1517200121443803145,markyb_88,Thu Apr 21 17:54:31 +0000 2022,0.026298999999999996,51.39432,@guypewsey I‚Äôd pay to see this
1517200125617221632,craiglaverick,Thu Apr 21 17:54:32 +0000 2022,-1.497541,54.8430895,"@ChrisNewman1972 As do we all. You‚Äôre like the opposite of a dementor at work, so, purely for selfish reasons, I/we‚Ä¶ https://t.co/QdhwUoDXUE"
1517200128507064323,CarolannMcKni12,Thu Apr 21 17:54:33 +0000 2022,-5.6676009999999994,54.647670500000004,@Platinum2022 Such a beautiful memorable moment of memories. Our Queen looking so beautiful and vibrant as always a‚Ä¶ https://t.co/nPIbXRnFEf
1517200144290177025,Loublue42,Thu Apr 21 17:54:37 +0000 2022,-2.915427,53.4198785,@Merseytravel Lol I thought film makers editors are great at editing ü§£
1517200146769063943,JudithL1958,Thu Apr 21 17:54:37 +0000 2022,1.0234735,51.3513705,@mickeya100 @MartinL1894 They are great aren‚Äôt they
1517200147565977603,jbmoussa,Thu Apr 21 17:54:38 +0000 2022,-1.2225015,54.5594145,@mikeyboy93 We changed it to a donut üç© seems a tad happier https://t.co/aSB5jO4t6j
1517200150787207169,Colak,Thu Apr 21 17:54:38 +0000 2022,-2.8948824999999996,53.1973495,@bard_wins It's an audio only episode so I probably should have just posted the Spotify link but whatever. Podcast‚Ä¶ https://t.co/3237udv4oj
1517200159209406472,StripeyMiata,Thu Apr 21 17:54:40 +0000 2022,-6.0623535,54.516031,@ianopenvmsorg @HoffmanLabs I wish I had managed to grab some of the hardware before it ended up being destroyed.‚Ä¶ https://t.co/EpQ3HHLukW
1517200165370834945,millzer34,Thu Apr 21 17:54:42 +0000 2022,-1.4407025,54.977920499999996,@ElaineARoche And I‚Äôm sure you‚Äôre still as hip/cool as ever today‚ò∫Ô∏èüòÅ
1517200175219023872,yollders,Thu Apr 21 17:54:44 +0000 2022,-4.2417514999999995,55.85830249999999,@SadieBonbons Nails like a dug on laminate..
1517200179602112514,BelsizeVillage,Thu Apr 21 17:54:45 +0000 2022,-0.171468,51.547453,Please be aware there are three thieves operating in Belsize right now stealing phones. Be vigilant. If you see the‚Ä¶ https://t.co/VS9bTRcJjR
1517200181875380224,Nizbit23,Thu Apr 21 17:54:46 +0000 2022,-0.18919,51.5037865,The Carlton Tower by Jumeirah foyer #luxuryhotel #London https://t.co/4cIahceV3u
1517200184165511168,Word_Service,Thu Apr 21 17:54:46 +0000 2022,-2.124442,52.493733500000005,What do you reckon @RMCHolland üò±
1517200184861773824,R_o_M,Thu Apr 21 17:54:46 +0000 2022,-2.23348,53.4569525,"@jobo12379 Hahaha the nerve of you lot crying over whataboutery üòÇüòÇüòÇ You abuse Evra, Klopp said you did nothing wron‚Ä¶ https://t.co/sd3wmqYg6Z"
1517200185188827138,Pauline25308430,Thu Apr 21 17:54:47 +0000 2022,-2.955045,56.476952,@GadgeGlancy U jealous lol üòÇ
1517200185834803200,Christurton7,Thu Apr 21 17:54:47 +0000 2022,-1.3713875,53.3074205,@MarkBadger17 I wasnt convinced pal but I'm glad we did win.üëç
1517200186505891841,statusquo44,Thu Apr 21 17:54:47 +0000 2022,0.5748815,51.522321,@leonagraham Here you go Leona‚Ä¶https://t.co/qM1AH33FAB
1517200188753989632,ClassicCounty,Thu Apr 21 17:54:47 +0000 2022,-2.1556405,53.4146085,Torquay &amp; Halifax tickets are on sale‚Ä¶#stockportcounty https://t.co/scHmFvHMAB
1517200190683467777,mariamiranda298,Thu Apr 21 17:54:48 +0000 2022,-3.8153015,53.293526,So true‚ù§Ô∏è
1517200192851881985,a_russ_l,Thu Apr 21 17:54:48 +0000 2022,-4.200441,57.739454,He looks so‚Ä¶ https://t.co/g8q8ONnpva
1517200193321684993,NPASSouthWest,Thu Apr 21 17:54:48 +0000 2022,-3.255349,51.4070695,Many happy returns of the day Ma‚Äôam! üéÇü•Ç https://t.co/slAIqaiR9F
1517200197813690369,patrickkincaid,Thu Apr 21 17:54:50 +0000 2022,-1.5186514999999998,52.411913,Hang on ‚Äî Ides of March was six weeks ago.
1517200200800120833,Luke_Strong90,Thu Apr 21 17:54:50 +0000 2022,1.0901355000000001,51.2767555,@trixiemattel Can‚Äôt wait to see your pussy in Glasgow this Sunday!
1517200201861246978,PMartin1888,Thu Apr 21 17:54:50 +0000 2022,-4.2417514999999995,55.85830249999999,"@ClydeSSB hearts claim to be the third force constantly, they.will finish 3rd.The most experienced pundit in Scotl‚Ä¶ https://t.co/Z1oPL9a6yR"
1517200202372993030,stumccullagh,Thu Apr 21 17:54:51 +0000 2022,-2.2038685,52.526056499999996,Gentleman in his late 40s wearing a CP jacket &amp; one of those caps that say ICON on it walking around a car park like he‚Äôs Tyson Fury
1517200204684005377,mylifeasrita,Thu Apr 21 17:54:51 +0000 2022,-0.130356,50.840332000000004,reminder that if i do end up seeing harry styles this year as soon as he puts foot on stage i will vomite
1517200205644447744,DalgleishWard,Thu Apr 21 17:54:51 +0000 2022,-0.8380555,52.796791,@skashton @SteeleMand @sj_latham @MichaelaIrelan4 One was not amused!! üòÇüëë
1517200207259353088,BrydonN2,Thu Apr 21 17:54:52 +0000 2022,-0.412022,51.375744999999995,@RubbishWife With a Muslim husband it‚Äôs vital
1517200209561980928,flowergirl_lon,Thu Apr 21 17:54:52 +0000 2022,-0.115406,51.4603395,@Clockwisesss Well exactly. It‚Äôs really wasteful
1517200212544139265,HuwPryce,Thu Apr 21 17:54:53 +0000 2022,-0.21089449999999998,51.6118845,@JKHowlingOfHDN @BarnetTories @BarnetCouncil @MiddlesexUni Indeed. Barnet's shambolic leadership seems to have been‚Ä¶ https://t.co/sBGcy7wQib
1517200217724047361,dominiquemcd,Thu Apr 21 17:54:54 +0000 2022,-4.172646,55.8209155,@LaurieRossIns @keiranmartin88 @CelticFC Oh my üíö
1517200220005801984,SiddharthKS,Thu Apr 21 17:54:55 +0000 2022,-1.13067,52.6262635,@CurieuxExplorer @DigitalTrends @jblefevre60 @Nicochan33 @mvollmer1 @Shi4Tech @FrRonconi @PawlowskiMario @gvalan‚Ä¶ https://t.co/FB5yIKX2OT
1517200223210287104,missglsmith,Thu Apr 21 17:54:56 +0000 2022,-0.10918149999999999,51.5469265,@Smiling_Fenrir If you look at the picture of Tom Selleck he doesn‚Äôt even have the classic Muslim profile of big ba‚Ä¶ https://t.co/sYgGeDSRfC
1517200224875421696,gazzadaz,Thu Apr 21 17:54:56 +0000 2022,-3.399613,55.9869515,@Hayes1Darren @DoningtonParkUK Too kind mateüòéüôè I‚Äôm sure a few of the group have camerasüëçüëç
1517200229669478402,dmacphers1,Thu Apr 21 17:54:57 +0000 2022,-4.15147,57.471972,"I would be honoured to receive your Number 1 Vote in the #Inverness South Ward of Highland Council, where I‚Äôm stand‚Ä¶ https://t.co/4zrCAGyv7G"
1517200232769114113,TheMilesBOX,Thu Apr 21 17:54:58 +0000 2022,-2.1739835000000003,53.3675705,I wonder what I would have done this week if I had actual real life friends? ü§î
1517200232924258304,SkySports_Keith,Thu Apr 21 17:54:58 +0000 2022,-1.5616905,55.026717500000004,‚ÄúIt was knocking on 11.30pm last night as Eddie Howe stood in the shadow of the Sir Bobby Robson statue posing for‚Ä¶ https://t.co/1pjcfA4ogi
1517200235797299201,Henk_purley,Thu Apr 21 17:54:59 +0000 2022,-0.09263300000000001,51.358931,@suzypuss We only went properly digital 2 years ago thanks to the Pandemic..... Don't age over 2 years üòâ
1517200238766968832,AdamOliver07,Thu Apr 21 17:54:59 +0000 2022,-3.919737,55.7787115,"Back when the Cooper Stand was half and half, pleases me seeing this again and knowing I was in that stand for that‚Ä¶ https://t.co/3Rd98tzV7C"
1517200242067787784,RAIL,Thu Apr 21 17:55:00 +0000 2022,-2.7621095,52.715233,"Farewell, and thanks. What a sad sight. Was lucky to get a flight in an RAF VC10, courtesy Virgin West Coast. Got s‚Ä¶ https://t.co/8oFKBjRLu3"
1517200246891335681,yasirsufi,Thu Apr 21 17:55:01 +0000 2022,-2.4837505,53.728524,What Ramadhan is really about...#charity #giving #appreciation #gratefulness
1517200248615190528,mcginface,Thu Apr 21 17:55:02 +0000 2022,-1.8906405,52.4939665,@KellyTheVet @MiloAndGracie @_marlise I like to de fuzz a tennis ball and have several bald ones. Do I need to give‚Ä¶ https://t.co/qwWTstexBO
1517200249168834560,wavecrestglen,Thu Apr 21 17:55:02 +0000 2022,0.361443,51.432565499999995,@HHepplewhite @gsc_1966 Who would you suggest is an electable replacement for Boris? Remember in order to sell an‚Ä¶ https://t.co/opl2zfxlC3
1517200248489320449,MasterOfMalt,Thu Apr 21 17:55:02 +0000 2022,-2.298134,52.84709,Today we‚Äôre polishing the Glencairn for a very special single malt whisky that has just arrived. It‚Äôs the latest it‚Ä¶ https://t.co/YBCXFJjFK7
1517200257653817345,PAFenwick74,Thu Apr 21 17:55:04 +0000 2022,-1.0634825,54.5293105,@caitlinmoran I'm reluctant to go because of a worry that I'll be made to feel that I'm wasting the doctors time. I‚Ä¶ https://t.co/5Kpw5anBEa
1517200262447915008,Mattwhu,Thu Apr 21 17:55:05 +0000 2022,1.371788,51.221245499999995,@CharlieProbert_ @MrsSchobes Looks like if it comes to I‚Äôll need a convincing sickie excuse or need to start job hu‚Ä¶ https://t.co/0pXdkGvoOi
1517200262561214468,AmbroseBarnaby,Thu Apr 21 17:55:05 +0000 2022,-0.306996,51.4405145,@ShadowLancer29 To be put simple they are making us a target through some kind of jealousy it seems. Look at the li‚Ä¶ https://t.co/RZCYOlAi9A
1517200264083775489,kevkeeble,Thu Apr 21 17:55:05 +0000 2022,-2.2469461,51.8690681,Drinking a Cinder Toffee Stout by @NewBristol at @thepelicanglos ‚Äî https://t.co/lFqieLOFNq
1517200265174204420,joy_mayowa,Thu Apr 21 17:55:06 +0000 2022,-0.09263300000000001,51.358931,"@DipoAW @larabillionaire Please, any recommendations?"
1517200265627193346,funkyc0bra,Thu Apr 21 17:55:06 +0000 2022,-1.701646,55.410050999999996,Surely this is corruption and is literally breaking laws in itself
1517200268387139587,EugeneCooke1,Thu Apr 21 17:55:06 +0000 2022,-3.927119,50.997507,@snb19692 Brilliant Steve‚Ä¶this one is a particularly pompous üõéüîö
1517200269309788164,robbiewoody,Thu Apr 21 17:55:07 +0000 2022,-0.148936,51.500092,Congratulations @hubert_olivier!!! Delighted with the result but sad to see you go. Best of luck on the next advent‚Ä¶ https://t.co/18E88x5InR
1517200269779652610,eoinser,Thu Apr 21 17:55:07 +0000 2022,-6.399521,53.2735025,"Changed my voice for a voiceover, now I‚Äôm hoarse!! üò© #actorslife https://t.co/nv0qgpotlY"
1517200274632368128,threebee3b,Thu Apr 21 17:55:08 +0000 2022,-2.7104665,53.495503,@JimmySecUK @rawlimark Damaged whilst under tow in stormy seas!
1517200275223846913,HeatherKoldewey,Thu Apr 21 17:55:08 +0000 2022,-0.148936,51.500092,My takeaway image from the #Aldabra50 meeting today. @NancyBunbury @SIF_Seychelles (literally) paint a bright futur‚Ä¶ https://t.co/yC3FlZNNKG
1517200280445927424,leepiper66,Thu Apr 21 17:55:09 +0000 2022,-1.08583,51.6732305,@kadontmuller So sorry for your loss
1517200281360080897,Phoebe78136594,Thu Apr 21 17:55:09 +0000 2022,-1.4390975,53.2498555,@FAZE_DEMON_2006 *slaps*
1517200283306274820,1979Avfc,Thu Apr 21 17:55:10 +0000 2022,-4.0016169999999995,52.404436,"Like a good #avfc fan, I‚Äôm watching the Milwaukee Bucks on Sky. @Bucks @AVFCOfficial"
1517200288070963203,SanctuaryCheeta,Thu Apr 21 17:55:11 +0000 2022,-4.14293,50.402215,@XavierFox19 That is how xavier looks IRL!!
1517200287307636736,WinterTowers,Thu Apr 21 17:55:11 +0000 2022,-0.177533,51.558779,#TheMajor visiting The Duke since it‚Äôs Beer hundred hours and Hampstead Jazz Club are limbering up downstairs. üç∫üá¨üáß https://t.co/1MVUQxdAYc
1517200288603648002,MartinB48191814,Thu Apr 21 17:55:11 +0000 2022,-4.2417514999999995,55.85830249999999,"So, fuck the UK government then üè¥Û†ÅßÛ†Å¢Û†Å≥Û†Å£Û†Å¥Û†Åøüá™üá∫üá∫üá¶üáµüá∏üá∫üá¶üá™üá∫üè¥Û†ÅßÛ†Å¢Û†Å≥Û†Å£Û†Å¥Û†Åø"
1517200299190112261,paulb020664,Thu Apr 21 17:55:14 +0000 2022,-2.4225325,51.5421965,@marybaphomet Come on Eileen!
1517200300846817280,Swingbridge2,Thu Apr 21 17:55:14 +0000 2022,-2.7016375000000004,53.774091,@LancashireTea @PylonPenwortham @Prestonphonebox @Lostock_Henge @ProudPreston29 @paddypne @DaveDraws_ @BIDPreston‚Ä¶ https://t.co/9GEOS1caHR
1517200300943233027,P3T3TT,Thu Apr 21 17:55:14 +0000 2022,-4.8827525000000005,50.382526,Had a quick flick through the twab after seeing everyone talking about how big it was and I have to say just 1 thin‚Ä¶ https://t.co/St68yDSepE
1517200301077499905,jones2_me,Thu Apr 21 17:55:14 +0000 2022,-3.029984,51.645594,@ElizGriff2016 @Andrea56822453 You  are amazingly beautiful and exquiste sweetheart
1517200302881091585,greggislocallfc,Thu Apr 21 17:55:15 +0000 2022,-2.915427,53.4198785,@OllieInSilence @livpriv444 No where near you for sure
1517200304038633475,celticjam83,Thu Apr 21 17:55:15 +0000 2022,-4.200441,57.739454,More holiday clothes arrived üòÅ only 8 weeks to go and I'll be sunning it up in üá≤üáΩ üçâüçπüç∫ü•Éüèù
1517200310871236610,christteach,Thu Apr 21 17:55:16 +0000 2022,-0.018734,51.5992555,@Missy_E36 This is lovely! Where in Dorset is this?!
1517200312288915456,Heath_Gascoigne,Thu Apr 21 17:55:17 +0000 2022,-0.09291050000000001,51.5144805,"Our vision is ""to be the standard for Business Transformation, providing teams + organisations with the tools to im‚Ä¶ https://t.co/BkqCEbkZaQ"
1517200313924608004,ChrisKisby,Thu Apr 21 17:55:17 +0000 2022,-1.0200434999999999,53.502407,@aitchtb @EddieGoodall7 Wedding!! I love weddings üôãüèº‚Äç‚ôÄÔ∏èüôãüèº‚Äç‚ôÄÔ∏è
1517200321537269763,tigercub,Thu Apr 21 17:55:19 +0000 2022,-0.130356,50.840332000000004,"OUR HEADLINE SHOW IN NYC SOLD OUT WHAT A DREAM. Thank you to all who saw us on our epic 5 week tour of America, lov‚Ä¶ https://t.co/NLhLKLbjHb"
1517200323919683586,SusanDo97707453,Thu Apr 21 17:55:20 +0000 2022,-4.2417514999999995,55.85830249999999,@ElphinstoneJack His jackets on a shooglie nail
1517200327304523776,3bolland,Thu Apr 21 17:55:20 +0000 2022,-0.115406,51.4603395,@ArunWHU @MisterGuilbert 34 mate
1517200328092966912,LizMM67,Thu Apr 21 17:55:21 +0000 2022,-3.208527,57.52836,"@DaisyH_75 Thank you, I was working as normal today, having a lovely evening with a üç∑or two, then heading to Edinbu‚Ä¶ https://t.co/PXs7a3Q4Ei"
1517200330928410631,TitchTV,Thu Apr 21 17:55:21 +0000 2022,-1.76682,53.8159335,@Mattisamazing33 That‚Äôs my beach outfit sorted?!
1517200331460993025,pollyhanah,Thu Apr 21 17:55:21 +0000 2022,-2.0706835000000003,53.393049000000005,@lizgoingon Good luck! Have you been able to get a seat?
1517200334166310913,sinclairda,Thu Apr 21 17:55:22 +0000 2022,-0.148936,51.500092,Free Julian Assange (with every @GreggsOfficial steak bake) https://t.co/nWLxY5W4tD
1517200335575687173,WillieMcAlpine,Thu Apr 21 17:55:22 +0000 2022,-0.33394250000000003,53.765817,@idca__ @davidkbruce You have to remember that it's 1995 in the north-east.
1517200338113150976,monks_amy,Thu Apr 21 17:55:23 +0000 2022,-2.7705785,56.6273925,Well done!
1517200340516581376,unitedgirl566,Thu Apr 21 17:55:24 +0000 2022,-0.566243,52.27143,@christopherhope @HHepplewhite @jrmaidment Steve Baker thinking of himself should be backing the PM
1517200343079215105,julesbuddle,Thu Apr 21 17:55:24 +0000 2022,-1.4624355,53.6509455,Got to the end of #Severance &amp; didn‚Äôt realise I‚Äôd got to the end - I can‚Äôt believe they ended it there!!! You were‚Ä¶ https://t.co/8QrOD3q8xX
1517200342626320385,Equalrich,Thu Apr 21 17:55:24 +0000 2022,-1.249127,53.7945855,"Raising brass for a good cause, I will  have a mukker with me next year! @RBLI #veterans #RSigs #CertaCito https://t.co/qowdatautD"
1517200347126812673,AtmacaLogistics,Thu Apr 21 17:55:25 +0000 2022,-3.1798,51.497001499999996,Earlybird üåöüåìAtmaca Uk Logistics Ltdüööüè¥Û†ÅßÛ†Å¢Û†Å∑Û†Å¨Û†Å≥Û†Åø https://t.co/eQ8wNf1FZX
1517200351321071619,huwowen1,Thu Apr 21 17:55:26 +0000 2022,-4.2417514999999995,55.85830249999999,@leongreen @HRichards_ @decappeal Looking pretty regal yersel! üòäüëç
1517200353334333440,paulgoggins67,Thu Apr 21 17:55:27 +0000 2022,-2.23348,53.4569525,"@JElgott So what, they play in a relatively crap league"
1517200355595071489,amywinehouse007,Thu Apr 21 17:55:27 +0000 2022,-0.0991635,51.6452755,@JanisWinehouse @amywinehouse my poster has officially came !!  #amywinehouse #Camden #London https://t.co/RQVkiyCQOu
1517200360057753601,yasirsufi,Thu Apr 21 17:55:28 +0000 2022,-2.4837505,53.728524,@Rhodes1998 hi bud. Will do tomorrow if that's okay? just on the way to an event...
1517200360598876160,NickDunn1986,Thu Apr 21 17:55:28 +0000 2022,-1.570206,55.1801545,@RobertClark87 Its like someone talking about prison when theyve never been in one hahaha
1517200361320296450,cpdybalafitc,Thu Apr 21 17:55:29 +0000 2022,-4.0996505,52.8209285,The sun ‚òÄÔ∏è was shining at Maes Tegid today for our last Easter football camp of the half term. Over 80 children att‚Ä¶ https://t.co/odSgNtkk3C
1517200363295850497,MissDonnaCooke,Thu Apr 21 17:55:29 +0000 2022,-2.298134,52.84709,"I mean honestly, goad and goad a man and then act surprised when he reacts? Looks to me like he got what he deserve‚Ä¶ https://t.co/0HitnX1hSq"
1517200377225134081,LynneRainey1,Thu Apr 21 17:55:32 +0000 2022,-6.81351,54.667202,"On #NationalTeaDay, I just wanted to thank all of the lovely people who make time to have a wee chat with me over a‚Ä¶ https://t.co/iq8YNquUPH"
1517200377493479425,KKerowgodage,Thu Apr 21 17:55:32 +0000 2022,-0.018734,51.5992555,@Krank006 @Kenny_P_Og @PsychonautApeD @Danieldew101 @ChaseLamb116 @WoahJonny @UCV_Equin0x @Shiba_King1991‚Ä¶ https://t.co/CC6UBPcf1I
1517200378785406978,CWOwestmidlands,Thu Apr 21 17:55:33 +0000 2022,-2.8425025,52.7344565,The women ( and men) of @CWOwestmidlands are a great supportive team out talking to residents face to face- that‚Äôs‚Ä¶ https://t.co/Rn0Js1mAIu
1517200381029224448,ManLiveJobs,Thu Apr 21 17:55:33 +0000 2022,-2.19892578,53.5292403,"Group Health &amp; Safety Advisor - Manchester, Lancashire https://t.co/6qvUTwXgYL - Click to apply #Jobibo #JobsInManchester #ManLiveJobs"
1517200383067758593,DarrenNicolo,Thu Apr 21 17:55:34 +0000 2022,-1.610887,54.870776,So excited for the new @samsmith track to be released üñ§
1517200386511314946,StacyDraper9,Thu Apr 21 17:55:35 +0000 2022,-0.017990000000000003,51.454107,Please sign and RT üôè‚ù§üêàüêæMany thanks Xx #CatsOfTwitter #SaveWalsallRoadAllotments
1517200386955878402,SophieC_S,Thu Apr 21 17:55:35 +0000 2022,-0.8380555,52.796791,@CogitoErgo15 Incredible üòÇ
1517200387656372224,evz1958,Thu Apr 21 17:55:35 +0000 2022,-0.148936,51.500092,@petersturdgess If they are hiding information to affect an election surely that is police suppression &amp; interference in an election ü§î
1517200387270488064,CalSocialHermit,Thu Apr 21 17:55:35 +0000 2022,-1.724596,54.988777,"Review from 5th November 2021 checks out:""They (@eatongreen) are horrendous to tenants, they are rude, bad at thei‚Ä¶ https://t.co/BixcnlgqiZ"
1517200393813512193,Lizzygreen1972,Thu Apr 21 17:55:36 +0000 2022,-1.8900305,53.729573,@ppattie127 Love a crisp sandwich ü•™üòÇüòÇ
1517200393960370176,Maryberrysteeth,Thu Apr 21 17:55:36 +0000 2022,-0.148936,51.500092,@davidcoverdale if only it was easy to find the UK PR contact for the forthcoming tour‚Ä¶. All hints welcome.
1517200399895351296,GazCStokes,Thu Apr 21 17:55:38 +0000 2022,-2.2038685,52.526056499999996,"@nickelsgb ü§£ü§£ü§£When I was a kid I thought it was awesome,  when you see it now it's easy to see how bad the special‚Ä¶ https://t.co/xCwGlvD6kO"
1517200401162031105,StickMan_v7,Thu Apr 21 17:55:38 +0000 2022,-0.2631405,51.5651955,"@CarolineLucas @BylineTimes &amp; @peterjukes called it out last summer;'Good Chaps‚Äô Left the Building a While Ago, Br‚Ä¶ https://t.co/Ax8pQ4orMt"
1517200408086781952,allankent1975,Thu Apr 21 17:55:40 +0000 2022,-3.022129,53.7998515,17 days off now ü§≤üèªü§òüèª https://t.co/minncWmK3s
1517200408682319874,vfbr2001,Thu Apr 21 17:55:40 +0000 2022,-0.29742999999999997,51.514752,"@_ifib @Nigella_Lawson There was a smell of smoked haddock lingering today, and that was after cleaner had been through !"
1517200409999384583,Bethan_Artist,Thu Apr 21 17:55:40 +0000 2022,-3.022804,54.340087,My portrait study of @JayMcGuiness in his dusty pink curly hair during @thewanted tour is almost done on this green‚Ä¶ https://t.co/uDZ5upWs43
1517200410179780608,qmamodlangs,Thu Apr 21 17:55:40 +0000 2022,-4.6249165,55.466068,S6 @QMAOfficial receiving certificates and photographs before heading out for some fun on the inflatables. https://t.co/JignmH8xA4
1517200414717980672,JamesCiccone1st,Thu Apr 21 17:55:41 +0000 2022,-1.7836735,53.5821395,#BrexitReality The Brexiteers are gonna LOVE Boozo Boris‚Äô souvenirs from his PR trip to India üòâ #JohnsonOut87‚Ä¶ https://t.co/wptthUtnC1
1517200417414914049,SamSmette,Thu Apr 21 17:55:42 +0000 2022,-1.339156,52.057842,When will this cold just do one. üò∂‚Äçüå´Ô∏èüòÆ‚Äçüí®üò™
1517200420573261825,Tazzaccino,Thu Apr 21 17:55:43 +0000 2022,-3.34219,51.6025,St. Caths School Hols movie morning was back#twoyearwait#stcatherinespontypridd#allagemoviemorning#churchandcommuni‚Ä¶ https://t.co/uQVvoO0Vhp
1517200421047214086,MrLloydJames,Thu Apr 21 17:55:43 +0000 2022,-0.673984,50.78416,"@Evsthetractor @JackoRugby Snap, ¬£520 for us to go as a family. Bonkers money. All the while 1 man and his dog is‚Ä¶ https://t.co/7GocLT5E5N"
1517200424389984257,TrekSegafredo,Thu Apr 21 17:55:44 +0000 2022,-3.2030085,55.9431955,Press restart. @wahoofitness back to zero. üîú #LBL #LBLwomen #Wahooligan #InMyElemnt https://t.co/DbiaUMTmY3
1517200427598626818,karlosjoga8,Thu Apr 21 17:55:44 +0000 2022,-1.811758,53.647392499999995,@_xwhitwoo Sennnn it https://t.co/b2ET3rMwmL
1517200431566438400,_ShivamPathak,Thu Apr 21 17:55:45 +0000 2022,-0.09291050000000001,51.5144805,Write him off at your peril. MS Dhoni clutches up again #IPL2022
1517200431860137986,davejone,Thu Apr 21 17:55:45 +0000 2022,-6.399521,53.2735025,"@acailler When you interviewed Mariah May, did you ask her about having to set up a GoFundMe to pay for a lawsuit t‚Ä¶ https://t.co/1wvQ2jqWow"
1517200435131686912,hugo_23rd,Thu Apr 21 17:55:46 +0000 2022,-0.0991635,51.6452755,So I‚Äôm guessing no one is texting you lot back then
1517200439342678017,embedded_iot,Thu Apr 21 17:55:47 +0000 2022,-2.915427,53.4198785,@MolloyLaurence That looks a bit like my dinner last night ü§∑‚Äç‚ôÄÔ∏èüòòü•≥ hurt this morning but it was goooooooood
1517200441406337024,wandspja,Thu Apr 21 17:55:48 +0000 2022,-3.2030085,55.9431955,Date Night#edinburgh #streetphotography https://t.co/kQzaaq95Cw
1517200445776793600,BasePyramid,Thu Apr 21 17:55:49 +0000 2022,-0.2527539999999999,51.3854455,22. United with the first shot on target. Number 8 gets onto a through ball from 2 but the keeper saves comfortably
1517200446343032832,Tezza__Lee,Thu Apr 21 17:55:49 +0000 2022,-1.5876815,55.140302,Awesome üí™üí™
1517200446959595522,Tugay_Is_God,Thu Apr 21 17:55:49 +0000 2022,-2.4837505,53.728524,@KayBurley Kay I don't care if he apologises a million times &amp; shows contrition he obviously doesn't think the rule‚Ä¶ https://t.co/jvQLlvbTjG
1517200452630290435,saetveit,Thu Apr 21 17:55:50 +0000 2022,-3.2030085,55.9431955,‚Äúhyper-extended process load‚Äù: the additional time &amp; resource burden born by an institution‚Äôs members when an inter‚Ä¶ https://t.co/lAbi77qlB3
1517200454152859648,saetveit,Thu Apr 21 17:55:51 +0000 2022,-3.2030085,55.9431955,My new term and definition of a huge problem in academia! And probably in other types of institutions/organizations‚Ä¶ https://t.co/X9trW2iVbp
1517200456916910080,salfordbeerfest,Thu Apr 21 17:55:51 +0000 2022,-2.4349524999999996,53.5841845,@PolymathTim @Beer4John @tabamatu Read. My. Mind. ü§£ü§£ü§£ü§£ü§£
1517200459538251776,MeerkatMuzic,Thu Apr 21 17:55:52 +0000 2022,-4.6249165,55.466068,Syntakt and Octatrack Performance - The Ultimate Duo https://t.co/2uy5z2ySfh via @YouTube
1517200462524596226,shoesloveme1975,Thu Apr 21 17:55:53 +0000 2022,-3.1798,51.497001499999996,@VegFoodStudio My favourite üòç
1517200462885363712,sqlblues,Thu Apr 21 17:55:53 +0000 2022,-0.7640635,52.033567000000005,@FaithfulRadical @DanJarvisLeader @Wooshell1977 @Tobias_Ellwood @BestForBritain I asked for the respondent to use l‚Ä¶ https://t.co/0W8u7Er4Z0
1517200466538639364,trickfrees,Thu Apr 21 17:55:54 +0000 2022,-1.354046,53.612387999999996,@Barnsey_21 @Christi45202917 Mate I dream of being back in Thailand again
1517200470313521153,thornbridgefay,Thu Apr 21 17:55:55 +0000 2022,-1.4496120000000001,53.3831645,"@ParmStarUK Named after the role, not the incumbent obvs. üòÇ"
1517200471290695691,Abriwhistleblo1,Thu Apr 21 17:55:55 +0000 2022,-1.396467,50.921327500000004,First ever time not being a well managed free range crazy person and promptly got sectioned to Melbury Lodge in Win‚Ä¶ https://t.co/tQY9Xr67ZX
1517200473438277632,ChamoisDan,Thu Apr 21 17:55:55 +0000 2022,-2.344954,52.419799999999995,@DispatcherStour We had a lineside fire which knocked the timetable out but all good!
1517200481751339010,richmcurtis,Thu Apr 21 17:55:57 +0000 2022,-2.9870915,51.2621435,@BeTheChange1972 I‚Äôm drinking Stella Artois üç∫
1517200485081620480,EugeneCooke1,Thu Apr 21 17:55:58 +0000 2022,-3.927119,50.997507,@Keir_Starmer Time to wise up !!
1517200485610098690,Jenko90_,Thu Apr 21 17:55:58 +0000 2022,-5.8251954999999995,54.862946,@holyybunny @GTOmegaRacing You definitely needed an upgrade üòÇüëåüèª looking sharp though I like it! https://t.co/AJN7MqqlHP
1517200487396872192,SCOPEYxo,Thu Apr 21 17:55:59 +0000 2022,0.5115780000000001,52.2204505,@SproutFromYT Then you're not part of my noti gang
1517200488453734400,davejone,Thu Apr 21 17:55:59 +0000 2022,-6.399521,53.2735025,@acailler Wrong
1517200491066892289,Henk_purley,Thu Apr 21 17:55:59 +0000 2022,-0.09263300000000001,51.358931,@LukwesaBurak Powerful..... üòü
1517200491414962177,ProfDiCrone,Thu Apr 21 17:56:00 +0000 2022,-3.1798,51.497001499999996,@loreasarobe @AgeUKHW @stride_active @activeglos @MovetoImprove_ @OnsideAdvocacy @AgeUKWMH @muirgray @HW_CCG‚Ä¶ https://t.co/0iU85TMeXK
1517200495714177025,vfbr2001,Thu Apr 21 17:56:01 +0000 2022,-0.29742999999999997,51.514752,@gerardolramos Thanks Gerry !
1517200495319736320,sniff91,Thu Apr 21 17:56:00 +0000 2022,-1.3853659999999999,54.8992425,Sunderland this morning. https://t.co/7OW2KUWoua
1517200498079805445,TraceyHorton11,Thu Apr 21 17:56:01 +0000 2022,-2.492508,51.46582,Ooh just read my graduation info and we get to walk down the players‚Äô tunnel at Ashton Gate. That is pretty cool. I‚Ä¶ https://t.co/rIBneM46ml
1517200499421892610,LizMM67,Thu Apr 21 17:56:01 +0000 2022,-3.208527,57.52836,@buzzbombfan Thank you üòä
1517200502240522240,LoobooLou,Thu Apr 21 17:56:02 +0000 2022,-2.8246845,56.482817999999995,@bumbleysmum Bugger I‚Äôm ninewells on a Monday üò¢
1517200503716855816,nickfshort,Thu Apr 21 17:56:02 +0000 2022,-1.0669855,50.818864500000004,What we can all expect from #Russia unless the thieving murderer Putin is stopped.#StandWithUkraine #–ø—É—Ç–∏–Ω—É–±–∏—Ü–∞
1517200504048259073,kejamieson_,Thu Apr 21 17:56:03 +0000 2022,-3.927119,50.997507,@buck_mitchell @Sunseeker_Intl I much prefer sailing yachts!
1517200504291479554,LindzDDub,Thu Apr 21 17:56:03 +0000 2022,-2.653238,53.543454,As if I've just found this on YouTube... yes I was on this documentary. In 2004 ü§¶‚Äç‚ôÄÔ∏èü§¶‚Äç‚ôÄÔ∏èü§¶‚Äç‚ôÄÔ∏èü§£ü§£ü§£ü§£. I wearing the whi‚Ä¶ https://t.co/gHDes4j6nF
1517200504824209410,yaa_is_flying,Thu Apr 21 17:56:03 +0000 2022,-1.215622,51.76173,G-TVAL spotted at 18:55. Speed:  knots at 607ft on heading: 72.2deg. Location: https://t.co/ioqkNrfQ9X Photo:‚Ä¶ https://t.co/lac12Ujn1h
1517200507252715522,Seth_Cooke,Thu Apr 21 17:56:03 +0000 2022,-5.8510155,55.831058,"@Pikkio @SanNuvola It's a catch-all so they give the illusion of being reasonable (""We can never model the human el‚Ä¶ https://t.co/lTTzswQqau"
1517200510432182272,Mazipita,Thu Apr 21 17:56:04 +0000 2022,-0.2735825,51.661621499999995,@didi_ukeje I can't find the tweet again. She deleted it
1517200513397313537,skoravensis,Thu Apr 21 17:56:05 +0000 2022,0.553941,51.8895475,"Estate Agents:Just because, in theory, you could fit a bed into it, doesn't make it a fucking bedroom you cretins‚Ä¶ https://t.co/pSnirdE11l"
1517200516450856961,johnsimpson22,Thu Apr 21 17:56:06 +0000 2022,-3.1667955,56.117733,@johnbiggar @OldTimeHockeyUK @wembley85 I spent a few seasons sitting in  section J with his biggest critic- his da‚Ä¶ https://t.co/N5S3zCXvzQ
1517200517696479241,GazCStokes,Thu Apr 21 17:56:06 +0000 2022,-2.2038685,52.526056499999996,@benonwine Me probably ü§£
1517200520196276224,sharneeliza_,Thu Apr 21 17:56:06 +0000 2022,-2.1540125000000003,53.0193965,Come and join us down in Manchester - student activism is so powerful &amp; it‚Äôll be lovely to have as many of you as p‚Ä¶ https://t.co/k7ZgSDFfFW
1517200523325177857,spideytaemin,Thu Apr 21 17:56:07 +0000 2022,-0.148936,51.500092,‚Äî 162 days üåû
1517200523493052416,arfry68,Thu Apr 21 17:56:07 +0000 2022,-0.6197330000000001,51.199095,@GazChattingShit @_iHateFeds Scunthorpe away. Can‚Äôt wait mate üçª
1517200523870486529,DeadHerringUK,Thu Apr 21 17:56:07 +0000 2022,-1.2911815,51.526609,"@LucikaPlay We‚Äôre at the same venue same dates!! We‚Äôre good, rehearsals are going well how about you?"
1517200527540506625,sunnychuks,Thu Apr 21 17:56:08 +0000 2022,-0.189289,51.4108755,@AloyEjimakor Dod you tell him that his followers are now murdering ·ª§m·ª• igbo and are turning Alaigbo into Afghanistan?
1517200527762894848,grammyhowes,Thu Apr 21 17:56:08 +0000 2022,1.166118,52.059374,Just posted a photo @ Missing Pieces https://t.co/K8pBxB2hts
1517200531344793609,boytozsy1fan007,Thu Apr 21 17:56:09 +0000 2022,1.2730815,52.641483,Soo good see üöÄüöÄüöÄ watching him seilf so good üôèüôèüôèüòÇüëçüèºüëçüèºüöÄüöÄ onnn
1517200535329427457,RangersRobbie83,Thu Apr 21 17:56:10 +0000 2022,-4.7979325,55.645424,@robertmcnaught @HayRfc1 Brother blood #titans
1517200536357027847,embedded_iot,Thu Apr 21 17:56:10 +0000 2022,-2.915427,53.4198785,This guy. Food genius
1517200536793088001,blackstaffmill,Thu Apr 21 17:56:10 +0000 2022,-5.95771837,54.59749553,"Beautiful large well presented large unit with inner office available at the Blackstaff Mill. Own sink, new double‚Ä¶ https://t.co/oBo0iy4jtZ"
1517200537502035972,victoriastewxrt,Thu Apr 21 17:56:11 +0000 2022,-2.955045,56.476952,"@miggsy18 Ahh hope you enjoy, I‚Äôll be sat on the other side haha!"
1517200538957398017,gorgeousuk,Thu Apr 21 17:56:11 +0000 2022,-0.017990000000000003,51.454107,@CWPR15 Thank goodness for that! üòÇ
1517200541008474115,KrisWhoTweets,Thu Apr 21 17:56:11 +0000 2022,-0.5175495,51.894042999999996,"welve points goes to, UNITED KINGDOM!!!"
1517200547736174592,BadHousesOfBrit,Thu Apr 21 17:56:13 +0000 2022,-1.2334335,51.75428599999999,@nofearbsocial Poor thing will throw up in a minute
1517200548256227328,mowen23,Thu Apr 21 17:56:13 +0000 2022,-2.5142575000000003,53.0644035,@EmmaGroundGuide Yep plus all cash turnstiles and then inside contactless only ü§£ü§£ pay for ¬£3 pie on card but not the ¬£22 match ticket.
1517200551380934656,lotslottie16,Thu Apr 21 17:56:14 +0000 2022,-1.382771,53.7930975,@elvingtonred2 @ycfcst @YorkCityFC This!!
1517200553423560705,3EyedTiger,Thu Apr 21 17:56:14 +0000 2022,-4.0016169999999995,52.404436,"@MrsTraceCyrusx Hey whatever happens, you know she's lived/living the best life in a good home and that's all thanks to you üôÇ"
1517200554501591040,shieladixon,Thu Apr 21 17:56:15 +0000 2022,-0.8380555,52.796791,@CarletonHandley Do you know why they‚Äôve removed it? What happens to people who have it installed? Does it remain on their device?
1517200561371762690,bigboithebard,Thu Apr 21 17:56:16 +0000 2022,-4.4967795,55.611852,@TabbyNt90 Woman have caves too. Sometimes they let us in them and it's a real nice time.
1517200566442733571,NJHag,Thu Apr 21 17:56:17 +0000 2022,-2.0193015,52.609511499999996,@randomscouser85 @gisby_marc @Mancman10 @ianrobo1 @br1mcg @Tomfurness2 @Lucan_Mor @Conservatives @scotsw12‚Ä¶ https://t.co/8TWIYLPj2T
1517200570968420352,VanRockChris,Thu Apr 21 17:56:18 +0000 2022,0.286119,50.7820255,@SarahWarsamaXxx @michaelbud1877 @eatongreen Calling someone a Wanker .. you have to face them ‚Ä¶. Sorry that‚Äôs not bright
1517200572830650371,AngryDigit,Thu Apr 21 17:56:19 +0000 2022,-2.4568145,53.092118,@RahulKohli13 Coffee! It‚Äôs #NationalTeaDay for the gods sake!
1517200578425851912,PJexArdrishaig,Thu Apr 21 17:56:20 +0000 2022,-3.2539455,54.985195,@KeithAttila @xpressanny @RachelReevesMP @Keir_Starmer No. It wasn‚Äôt. If it had been the police would have acted. End of!
1517200581269590016,S_Strickland,Thu Apr 21 17:56:21 +0000 2022,-0.0706035,51.464686,@BrianMcd27 King tweet üëë
1517200582678827008,AParryxo,Thu Apr 21 17:56:21 +0000 2022,-2.1739835000000003,53.3675705,Point evidence explain üò≠ https://t.co/IGHpunvxEe
1517200583312162819,punk_rock_icon,Thu Apr 21 17:56:21 +0000 2022,-4.2417514999999995,55.85830249999999,@PhilipHopper @blamhof NEVER!!! ü•∞
1517200586269245442,oodlesofpaper,Thu Apr 21 17:56:22 +0000 2022,-1.56549,53.801956000000004,@factsand2cents @scobie @EamonnHolmes @Ofcom @metpoliceuk Think you‚Äôre being very generous calling him a reporter!
1517200588383166465,redrum57,Thu Apr 21 17:56:23 +0000 2022,-2.915427,53.4198785,"@Soc_Sciences He didnt pay, we did."
1517200589599481857,PhysioRoisinM,Thu Apr 21 17:56:23 +0000 2022,-5.964056,54.6704215,This. Girl. üî•üî•üî• @Danielle_FBD üòÖ
1517200591138795521,heavenandthesea,Thu Apr 21 17:56:23 +0000 2022,-1.574246,52.2802965,"@hiro_monstera @philk282 @michaelheadtreb @angiesliverpool @NewWaveAndPunk @WallyTBM @lostinliverpl 1982 for me too, Hiro."
1517200593714044930,DunoonSNP,Thu Apr 21 17:56:24 +0000 2022,-4.9799735,55.867734,"@petermacmahon @AuditorGenScot @AuditScotland If there is one thing to come out of this, it ought to be the banning‚Ä¶ https://t.co/V3mVG2TroF"
1517200600781443075,sneddon_joel,Thu Apr 21 17:56:26 +0000 2022,-3.6022575000000003,56.010086,@CrawfordBurton1 @PLZSoccer üòÇüòÇagent ross
1517200602043928577,richmcurtis,Thu Apr 21 17:56:26 +0000 2022,-2.9870915,51.2621435,"@SWarriors15 You too mate, üôè üíö"
1517200602685747200,OurSoundMusic3,Thu Apr 21 17:56:26 +0000 2022,-0.33394250000000003,53.765817,Less than five minutes! https://t.co/yTv1QZuDEh
1517200606057926656,paulconnew1,Thu Apr 21 17:56:27 +0000 2022,-0.320442,51.75244,@bbcqtt @bbcnews A momentous week in parliament but no Question Time. A public service broadcasting miss
1517200608226385923,SpeshThePoet,Thu Apr 21 17:56:27 +0000 2022,-0.1937195,51.4516565,This has got me ‚Äúnew to London and heading back from my first Poetry Unplugged‚Äù written all over it. @poetniall
1517200614089965570,LizMM67,Thu Apr 21 17:56:29 +0000 2022,-3.208527,57.52836,@FrJeb Thank you üòä
1517200615465701376,AFCUckfield18,Thu Apr 21 17:56:29 +0000 2022,0.09672249999999999,50.9783385,Eleven of these former @UGrasshoppers81 u8‚Äôs represented @AfcUckfieldTown during the 2021-2022 season #football‚Ä¶ https://t.co/TsKmBLiN2n
1517200620725452800,hannahnurseH,Thu Apr 21 17:56:30 +0000 2022,-1.4496120000000001,53.3831645,@debedee21 Stay in this country üòÇ
1517200622222811137,WWTCastleEspie,Thu Apr 21 17:56:31 +0000 2022,-6.81351,54.667202,@WilkinsonLiza Great pics üòç
1517200623250423813,davemorrow64,Thu Apr 21 17:56:31 +0000 2022,-2.190194,53.602494,Royal @MarlandGolf looking superb in the sun this afternoon ‚òÄÔ∏èüèåÔ∏è‚Äç‚ôÇÔ∏è https://t.co/p70FEp5BBz
1517200625255206913,daverock87,Thu Apr 21 17:56:31 +0000 2022,-2.147965,52.5801345,@SusannaHoffs Absolutely üòäüíïüé∏üé∂
1517200624919658514,jnj_jaison,Thu Apr 21 17:56:31 +0000 2022,-2.23348,53.4569525,Nurse's to NHS TRUST HOSPITALS United kingdom https://t.co/ndfEmmw8YE
1517200625263538176,MrChris1967,Thu Apr 21 17:56:31 +0000 2022,-2.0080795,52.699658,@domjoly I doubt that he has the vaguest f**king idea how any of us plebs feel.
1517200630485504001,RichardBratby,Thu Apr 21 17:56:33 +0000 2022,-1.8192455,52.684338999999994,@SoVeryBritish A dessert can not contain too much suet.
1517200630716243969,StMarksM12,Thu Apr 21 17:56:33 +0000 2022,-2.23348,53.4569525,@Tim_Burgess WINNOH https://t.co/tSCTQ2Mfua
1517200636005261314,ChrisFormaggia,Thu Apr 21 17:56:34 +0000 2022,-4.0016169999999995,52.404436,@Bren4Bassetlaw @pritipatel The unashamed face of fascism - this is the Tory Junta in all its unmasked ugliness. Yo‚Ä¶ https://t.co/dRgyaHttpa
1517200636630249478,ITimot5,Thu Apr 21 17:56:34 +0000 2022,-1.8906405,52.4939665,@AloyEjimakor Gisike mazi
1517200637355773953,Its__JustRoy,Thu Apr 21 17:56:34 +0000 2022,0.21058949999999999,51.560587,Dreams turn reality üí´ https://t.co/qnCAgtskQ6
1517200641260756993,BarryRudgwick1,Thu Apr 21 17:56:35 +0000 2022,-0.16035850000000001,51.173758,@Derbyshireboy64 Were you OK then!
1517200641545883650,GeorgieHeath27,Thu Apr 21 17:56:35 +0000 2022,-0.708305,52.1377725,@AatifNawaz Go well. I‚Äôm so sorry I couldn‚Äôt be there üò¢
1517200642309300227,TheGoverner99,Thu Apr 21 17:56:36 +0000 2022,-0.017990000000000003,51.454107,What's everyone's preferred RB to target? #CPFC
1517200645866106880,Barley_Twist,Thu Apr 21 17:56:36 +0000 2022,-1.172266,52.969719,drinkforukraine üá∫üá¶A way to support Ukraine and have a delicious drink. Varvar still available at Barley Twist. https://t.co/8kEAkkeoN0
1517200652094554112,richmcurtis,Thu Apr 21 17:56:38 +0000 2022,-2.9870915,51.2621435,@JULIEBAB66 Evening Jules üëãüíö
1517200652019113985,arberlajqii,Thu Apr 21 17:56:38 +0000 2022,-0.1094,51.5141,"Just posted a photo @ London, United Kingdom https://t.co/Mfdu00SUQD"
1517200653478776833,Djyeo,Thu Apr 21 17:56:38 +0000 2022,-0.29742999999999997,51.514752,@ziadramley I see Korean rice
1517200653680103427,the_fbpe,Thu Apr 21 17:56:38 +0000 2022,-2.1638805000000003,51.84729,"@Perscotta I understand your sentiment, but for me Baker will always be a deluded fool"
1517200657694048257,Ryanbradshaw29,Thu Apr 21 17:56:39 +0000 2022,-1.464286,54.007133,#MSDhoniìÉµ Unreal #IPL2022
1517200662089678853,daybreakersuk,Thu Apr 21 17:56:40 +0000 2022,-0.10537255,51.56453796,Just posted a photo @ The Night Owl Finsbury Park https://t.co/lffW8eSL1Z
1517200662697758725,daveglumart,Thu Apr 21 17:56:40 +0000 2022,0.127886,51.554019,Yes the corrupt lying PM has torn up all the rules
1517200663394099200,HughTeddy_,Thu Apr 21 17:56:41 +0000 2022,0.338225,51.078484,@BromonaQuimby But what if I‚Äôm a Hattie?
1517200665159868419,DaleHall1964,Thu Apr 21 17:56:41 +0000 2022,-1.0660135,53.190237999999994,@Estreetman60 @paulJpitt1967 Pat Cash.üòÇüòÇ https://t.co/JfQk1b6KWI
1517200666762129409,markjones45sw,Thu Apr 21 17:56:41 +0000 2022,-3.3731165,51.676559999999995,@wscevans No likes them....no likes them No one cares
1517200671660986368,thfcdoylie,Thu Apr 21 17:56:43 +0000 2022,-0.07775850000000001,51.796608000000006,"@AIcantaraa @FUT22News Because he‚Äôs been one of the best defenders in the league, in a spurs squad"
1517200672646742018,Dazmo11oy,Thu Apr 21 17:56:43 +0000 2022,-3.793686,55.8198125,@realist_prof @UnitedStandMUFC Matic shouldn't play in the shirt again
1517200674420842499,RoniikM,Thu Apr 21 17:56:43 +0000 2022,-0.36118,51.525432499999994,Swear these #MI fans were laughing at Chennai 2 years ago üòÇüòÇüòÇ
1517200680611684352,dickidot09,Thu Apr 21 17:56:45 +0000 2022,-1.56549,53.801956000000004,@AffrenchFfrench @heavenandthesea 29 also.
1517200681962196992,yollders,Thu Apr 21 17:56:45 +0000 2022,-4.2417514999999995,55.85830249999999,She went a bus run...
1517200682247503872,stkentsley,Thu Apr 21 17:56:45 +0000 2022,-0.1766785,50.9352925,@rachelburden @bbc5live @BBCSounds . Beer and wine
1517200685590319104,PupSnapUK,Thu Apr 21 17:56:46 +0000 2022,-0.08816099999999999,51.489262999999994,@JazzBDSM Awoo. Maybe we should snap &amp; bark together sometime. üíô
1517200685795786752,twowordsbaz,Thu Apr 21 17:56:46 +0000 2022,-4.200441,57.739454,@PenaCartel Brilliant üëè
1517200698512920579,GraemeBarnes82,Thu Apr 21 17:56:49 +0000 2022,-4.4967795,55.611852,How fuckin stupid and or pished do you need to be to bam up Mike Tyson? This stupidüëá
1517200700215894019,eyuepaksoy,Thu Apr 21 17:56:49 +0000 2022,-3.18251001,55.95487337,I'm at National Monument in Edinburgh https://t.co/IKjt2gP9gB
1517200701029560325,LoobooLou,Thu Apr 21 17:56:50 +0000 2022,-2.8246845,56.482817999999995,@bumbleysmum But I can always come down on lunch break x
1517200707467853824,rickcduncan,Thu Apr 21 17:56:51 +0000 2022,0.5115780000000001,52.2204505,"@Nestle as a luxury non essential #food item this will only lead to a fall in sales,  which is actually good for co‚Ä¶ https://t.co/m4YjLyZVKT"
1517200709615300611,BGS_SportDpt,Thu Apr 21 17:56:52 +0000 2022,-0.2527539999999999,51.3854455,Aaaand we‚Äôre off! Kickstarting our jam packed season for the Bishopsgate Golf Squad! ‚õ≥Ô∏è  with our first sunset fixt‚Ä¶ https://t.co/oix1j9UyYL
1517200710911373319,statusquo44,Thu Apr 21 17:56:52 +0000 2022,0.5748815,51.522321,@PEGASUS_FLIGHT No but the millions now that scream racist at every opportunity want it to be
1517200711083249664,WilkinsonBytes,Thu Apr 21 17:56:52 +0000 2022,-3.14232,53.1630315,Rap the casbah: the Casablanca school giving young hip-hop stars a voice https://t.co/h1s9nwb25A
1517200712043794432,SandraOLibDem,Thu Apr 21 17:56:52 +0000 2022,-4.200441,57.739454,Let‚Äôs hope it is the political fatal blow that he deserves
1517200712702304257,MattBennett93,Thu Apr 21 17:56:52 +0000 2022,-2.1540125000000003,53.0193965,Absolutely üò©
1517200713318817793,spideytaemin,Thu Apr 21 17:56:52 +0000 2022,-0.148936,51.500092,"@midnightbishop Yes omg but honestly, I don‚Äôt feel that tired as yesterday maybe because I slept so long haha"
1517200714006769664,S_Strickland,Thu Apr 21 17:56:53 +0000 2022,-0.0706035,51.464686,@StevenBirrell Forgotten about these icons but 100% added
1517200715869003777,poshkev1963,Thu Apr 21 17:56:53 +0000 2022,-2.982074,53.0534265,This aged well
1517200720046571521,sweetysid143,Thu Apr 21 17:56:54 +0000 2022,-0.14282227,51.46085245,Just posted a photo @ Sponsored https://t.co/4fNLpfPL1p
1517200720482779138,camclarfi,Thu Apr 21 17:56:54 +0000 2022,-4.6519525,55.9647565,@ScotTories @Conservatives are hammering everyone. #EnergyCrisis #CostOfLivingCrisis #ToriesPartiedWhilePeopleDied‚Ä¶ https://t.co/NHR7ByOKUz
1517200719702634496,Arrivalists_,Thu Apr 21 17:56:54 +0000 2022,-6.2476215,53.354902499999994,Haven't cycled in the City Centre in ages .Fair to say if you're not driving a Range Rover they don't want you in t‚Ä¶ https://t.co/taZgUMds1X
1517200726208004096,derbylad91,Thu Apr 21 17:56:56 +0000 2022,-1.4707785,52.915530000000004,Aren't bluebells pretty https://t.co/OYmtweu7Po
1517200731799015424,wearyprovo,Thu Apr 21 17:56:57 +0000 2022,-3.738247,56.154629,@fenion_karen Beautiful night &amp; my house so quiet now &amp; dugs realised am still here after 5 days üòÇüòÇüòÇüíö
1517200734395244545,player_judy,Thu Apr 21 17:56:57 +0000 2022,-6.0702750000000005,56.6216705,@natsechobbyist If she did nothing wrong she should be more than happy to testify. üí© MTG
1517200735322226693,EmyrWynOwen1,Thu Apr 21 17:56:58 +0000 2022,-3.6961225,53.285672500000004,@jessphillips Would you want her to be your M P no thanks
1517200739461967872,NorthBank_JJ,Thu Apr 21 17:56:59 +0000 2022,0.026298999999999996,51.39432,@Kev_GoonerAFC Thank you sir üôè
1517200739822624768,peoffrey,Thu Apr 21 17:56:59 +0000 2022,-3.0394275,53.362693,"@joshembling In all seriousness, well done for getting on there. The Sinnerman is a formidable opponent."
1517200742410592257,bla_mealy,Thu Apr 21 17:56:59 +0000 2022,-6.399521,53.2735025,"@SiobhanPart @HopkinsAMP @stjamesdublin @niamhphysio Yes, will definitely catch up with you Siobhan. Some great learning üëç"
1517200745493315584,Kezz777,Thu Apr 21 17:57:00 +0000 2022,1.120798,51.079370499999996,@obbsie Nice work üëèüèª
1517200744914505729,ineslslzn,Thu Apr 21 17:57:00 +0000 2022,-2.23348,53.4569525,Look at this gorgeous humanüíñüíñüíñüíñ‚ú®‚ú®‚ú®‚ú®‚ú®‚ú® https://t.co/EoMOJdV5QP
1517200745686257665,ChazX56S,Thu Apr 21 17:57:00 +0000 2022,0.159749,51.866310999999996,Loved wearing this special piece today on his side completely üôå#marilynmansoncollection #MarilynMansonIsInnocent‚Ä¶ https://t.co/q4ZjCCp1uT
1517200746969710595,euggs,Thu Apr 21 17:57:00 +0000 2022,-2.0978329,57.1494751,Drinking a Shadow Maker by @BrewDog at @brewdogaberdeen ‚Äî https://t.co/TC1zMeWMSa
1517200748995649539,SolicitingFlava,Thu Apr 21 17:57:01 +0000 2022,-3.1798,51.497001499999996,Sherry delivery from @mercado44shop - 2022 @TioPepeFino en rama and the 2021 for comparison purposes.‚Ä¶ https://t.co/Rdgs5UxUcp
1517200751327649794,DrJ_Richardson,Thu Apr 21 17:57:02 +0000 2022,-0.32219354,50.93259781,Birthday march in wonderful sunshine in the lovely Sussex countryside. 8000 steps later a chilled glass of vino &amp; a‚Ä¶ https://t.co/W8bS0MsT91
1517200754431471617,dksunshineboy22,Thu Apr 21 17:57:02 +0000 2022,-2.1739835000000003,53.3675705,All these rich carats saying there broke but still buy all 5 versions
1517200755509415936,sotonships,Thu Apr 21 17:57:02 +0000 2022,-1.01172,50.7193,The Container Ship Motivation D is sailing into the Solent  (Track: https://t.co/zxOvUxsRds) #MotivationD
1517200758290190336,HJBORR,Thu Apr 21 17:57:03 +0000 2022,-4.200441,57.739454,Radical idea: let voters choose ?
1517200759477178372,junsybeer,Thu Apr 21 17:57:03 +0000 2022,-1.5551811,53.7968559,Pleasant hoppy session beer - Drinking a Shine On by @MilestoneBrewi1 at @editors_draught  ‚Äî https://t.co/ozgGjZMs1r
1517200762819985408,WillieMcAlpine,Thu Apr 21 17:57:04 +0000 2022,-0.33394250000000003,53.765817,"@venetiangambler I managed to get it down to one day a week and I'm working on getting out of that one, too."
1517200764216745985,dannydubz__,Thu Apr 21 17:57:05 +0000 2022,-1.8906405,52.4939665,Seeing old mates you ain't seen for years out of nowhere is a nice little moment innit
1517200764132892673,ChrisyCee90,Thu Apr 21 17:57:05 +0000 2022,-2.23348,53.4569525,"Packed house, @DrinkWraith merch, amazing indie Devs, full pc/console setups and PIZZAAAAA. Some of the Avengers ev‚Ä¶ https://t.co/MZRbFJzFy5"
1517200768872464385,MariaMo32975161,Thu Apr 21 17:57:06 +0000 2022,-0.17311500000000002,51.524835499999995,@NehanNargis Afghanistan üá¶üá´ betrayed by the West. UK and USA on to the next incursion. Kabul abandoned to its fate‚Ä¶ https://t.co/xKRRh4qhDO
1517200769128308738,talkalcohol,Thu Apr 21 17:57:06 +0000 2022,-2.7751315,54.068005,Fabulous virtual session today for staff at Blackpool Coastal Housing. Delighted to deliver our 16+ Alcohol &amp; Canna‚Ä¶ https://t.co/2JqGyAO4up
1517200774379544577,stevensizer2,Thu Apr 21 17:57:07 +0000 2022,0.5115780000000001,52.2204505,@DavidLammy On expenses obviously
1517200777252675584,LisaWardComms,Thu Apr 21 17:57:08 +0000 2022,-0.278464,51.390063,@flamingnora Sadly he‚Äôs been way off the mark on a few things recently
1517200778842329089,RanjanMallya,Thu Apr 21 17:57:08 +0000 2022,-0.09263300000000001,51.358931,"Vintage, MS Dhoni! Mumbai Indiyans, Curtains Falling‚Ä¶.#IPL2022"
1517200780197085193,JTroshupa,Thu Apr 21 17:57:08 +0000 2022,0.011432500000000002,51.687881000000004,@DanielTeale14 Thank you üòä
1517200784634560514,RachelONorth,Thu Apr 21 17:57:09 +0000 2022,-0.191723,50.839574999999996,@MichWhitt8 @TheNCE_ I don't think I've ever been prouder in my work than what we've created @TheNCE_ @WomenEd‚Ä¶ https://t.co/cduigiPksk
1517200785750335488,NorthBank_JJ,Thu Apr 21 17:57:10 +0000 2022,0.026298999999999996,51.39432,@SimonLester24 Thank you good sir üôè
1517200785821609985,m_chiles,Thu Apr 21 17:57:10 +0000 2022,-2.5208114999999998,53.25884,@HenrySauntson @MrGoodwin23 @JohnCattEd @HughesHaili @ATT_Institute @Teach_East_ That‚Äôs amazing. We will have to lo‚Ä¶ https://t.co/qc60ThmmBk
1517200786341736450,johnaa64,Thu Apr 21 17:57:10 +0000 2022,-0.032025,51.8116395,@campbellclaret @Keir_Starmer Starmer....the 2nd rate lawyer who disrespects democracy....lied his way out of a loc‚Ä¶ https://t.co/u5qiubo709
1517200789042864129,Ayushxa,Thu Apr 21 17:57:10 +0000 2022,-2.7979079999999996,53.419396500000005,Never in doubt
1517200793346191361,Danny60203488,Thu Apr 21 17:57:12 +0000 2022,-0.6419345000000001,53.5898885,@PitchBoxing @mickconlan11 @itsLeighWood No leigh won fair and square. Move onto a bigger fight at the city ground coyr
1517200795401400320,RoniikM,Thu Apr 21 17:57:12 +0000 2022,-0.36118,51.525432499999994,See you next year @mipaltan üëè
1517200796491956225,Sticklemouse,Thu Apr 21 17:57:12 +0000 2022,-0.33706250000000004,51.595833,How do we as nursing staff organise and win on the issues we care about? Will you join me for  @nurses_united: Orga‚Ä¶ https://t.co/fPyZYJWu9S
1517200798073200640,Gamereat,Thu Apr 21 17:57:13 +0000 2022,-2.955045,56.476952,I swear no matter which one I intend to open I always open the wrong one when it comes to the animator and animations in unity's menus.
1517200797922115585,xylophilist,Thu Apr 21 17:57:13 +0000 2022,-4.200441,57.739454,Bit of cloud over the Pentlands#fujifilm #midlothian #landscape #ThePhotoHour https://t.co/lpucuam3wr
1517200802393300999,AmbroseBarnaby,Thu Apr 21 17:57:14 +0000 2022,-0.306996,51.4405145,@ShadowLancer29 Probably I just am making a valid point and it‚Äôs a very true point we‚Äôre not the 1st club to get th‚Ä¶ https://t.co/fNvzlKWPQD
1517200803412561922,mshutty3,Thu Apr 21 17:57:14 +0000 2022,-2.7016375000000004,53.774091,"Winner of the Napoli raffle by @GrimTheGooner , ¬£3 for this lot üòÉüòÉThat trackie top üòçüòç 1992/93, https://t.co/Bs3juKDQ2O"
1517200804175880192,lizward1174,Thu Apr 21 17:57:14 +0000 2022,-3.4675190000000002,53.2921635,@mwdeakin @RozWilson7 You assume incorrectly.
1517200804670812161,Needles56,Thu Apr 21 17:57:14 +0000 2022,-0.29868951,51.45240788,"A pint with a view‚Ä¶ (@ The Roebuck - @greeneking in Richmond, Greater London) https://t.co/YjcfBDEjtV https://t.co/I4PSX5wd1n"
1517200806696603648,UkBlakey,Thu Apr 21 17:57:15 +0000 2022,0.7454514999999999,51.8119315,@lottielas Nothings hidden from me and my telescopes!! üòÇü§£üòÇ
1517200807946502144,andrewterrygolf,Thu Apr 21 17:57:15 +0000 2022,-2.7751315,54.068005,Thanks Dave how did you play mate? üèåÔ∏è‚Äç‚ôÇÔ∏è‚õ≥Ô∏èüôå
1517200807631933441,welshdude7,Thu Apr 21 17:57:15 +0000 2022,-3.025835,51.585661,RT with your cockpicsüòúüçÜ https://t.co/YZhBoVwSss
1517200811771707393,Michael29109661,Thu Apr 21 17:57:16 +0000 2022,-3.2030085,55.9431955,@MacKodi Boo-Hoo üò≠üò≠üò≠üò≠üò≠
1517200812526739460,amyisunited,Thu Apr 21 17:57:16 +0000 2022,-1.2074825,53.9318445,Nikki Sixx is one hot old dude
1517200814892544000,M4tet,Thu Apr 21 17:57:17 +0000 2022,-2.610029,51.789674000000005,@OasisPodcast BOD Here Now is favourite of the 90s
1517200816347697173,AnneClaffey1,Thu Apr 21 17:57:17 +0000 2022,-6.2476215,53.354902499999994,@constanceshortc Either they're getting smaller or my eyesight is deteriorating!
1517200818071556096,arts_moto,Thu Apr 21 17:57:17 +0000 2022,-2.4568145,53.092118,@lmharpin Rent free in your head ü§£ü§£ü§£ https://t.co/83FYYWIJp1
1517200818512015361,RAIL,Thu Apr 21 17:57:18 +0000 2022,-2.7621095,52.715233,"Oh yes, and why were you lying in the nettles?! üòäüòäüòä"
1517200818637881344,duncanyoung68,Thu Apr 21 17:57:18 +0000 2022,-0.29971000000000003,51.723563,https://t.co/queCEaQ2uhTop goalkeeping here.
1517200819216658435,ode_to_sleep67,Thu Apr 21 17:57:18 +0000 2022,-1.186364,53.1486735,@quinnickle the good old days
1517200823536820225,neobyrne,Thu Apr 21 17:57:19 +0000 2022,-6.399521,53.2735025,@MCATEER4 Horrible cunt u
1517200825109655557,Ayushxa,Thu Apr 21 17:57:19 +0000 2022,-2.7979079999999996,53.419396500000005,Hugs @slaychau_
1517200832491622400,HDMilkTea,Thu Apr 21 17:57:21 +0000 2022,-0.2631405,51.5651955,"@Aliyah_Artist @MelissaBUSTED Imma fight you two, comso AND wanda"
1517200836564340736,L_ofaGaybia,Thu Apr 21 17:57:22 +0000 2022,-2.264325,53.7942165,@chriscburrows I‚Äôm CACKLING! üòÇ auto fill does you dirty Chris! üò©
1517200836941783041,CardiffDesires,Thu Apr 21 17:57:22 +0000 2022,-3.1798,51.497001499999996,@WalesOnline Shameful..... https://t.co/hKf3TAAFla
1517200840544694277,PupSnapUK,Thu Apr 21 17:57:23 +0000 2022,-0.08816099999999999,51.489262999999994,@languh Oooh. We gonna see you wear them at Darklands? üëÄ
1517200840695635968,CoolGUY23737410,Thu Apr 21 17:57:23 +0000 2022,-4.334706,56.069981,@CelticTV @CelticFC Heavy pumped
1517200840129404929,ZanaMillen,Thu Apr 21 17:57:23 +0000 2022,-0.0601675,51.547644500000004,@ayeyobeach My babyyyy momssss ‚ô•Ô∏è‚ô•Ô∏è https://t.co/h5ESeTAR4q
1517200840796291078,sqlblues,Thu Apr 21 17:57:23 +0000 2022,-0.7640635,52.033567000000005,@NigelGarbage @Wooshell1977 @Tobias_Ellwood @BestForBritain All those people expressly broke the rules and were hel‚Ä¶ https://t.co/BtQ1m0yv3i
1517200843275186176,SignatureBrewE8,Thu Apr 21 17:57:23 +0000 2022,-0.075702,51.536617,"Tomorrow we have Luna Pines on stage! Join us for a night of indietronica, with support from SHOR and Re Teu. Last‚Ä¶ https://t.co/IobkwSsMeV"
1517200843803607041,player_judy,Thu Apr 21 17:57:24 +0000 2022,-6.0702750000000005,56.6216705,@natsechobbyist She is probably challenged by the truth.
1517200849403060224,AmyKatherine_x,Thu Apr 21 17:57:25 +0000 2022,-0.442361,51.537060999999994,NOT THIS
1517200849939968003,BasePyramid,Thu Apr 21 17:57:25 +0000 2022,-0.2527539999999999,51.3854455,23.Aston skipper makes the United keeper get down well to push away a stinging shot.
1517200852762644483,leoie,Thu Apr 21 17:57:26 +0000 2022,-6.2476215,53.354902499999994,Sharon Fucking Keogan. Would you be able?
1517200860199235590,JTroshupa,Thu Apr 21 17:57:27 +0000 2022,0.011432500000000002,51.687881000000004,@AllamandaPat ???? English x
1517200863726559233,michaelcolley12,Thu Apr 21 17:57:28 +0000 2022,-1.930983,52.297644500000004,@ElwoodBonfield @SHGames Finally!
1517200869460168704,DanHerb10,Thu Apr 21 17:57:30 +0000 2022,-0.08816099999999999,51.489262999999994,@blueastronaut1 Kill The Sex Player
1517200869531570177,judy_beveridge,Thu Apr 21 17:57:30 +0000 2022,-2.7407209999999997,51.122612000000004,"@olgatokariuk Thanks for the link, small donation made üôÇ slava to all! üá∫üá¶üíõüíô"
1517200870252978177,Girlw0ndr,Thu Apr 21 17:57:30 +0000 2022,-2.3047579999999996,53.580698,"@rustygusset77 Yeah, you must have great taste! üòÇüòÇüòÇ"
1517200874543669248,vedanthamharsha,Thu Apr 21 17:57:31 +0000 2022,-0.17311500000000002,51.524835499999995,#Thala #Dhoni Take a Bow Legend.....#elclassico#MIvsCSKüôèüôèüôèüôèü•∫üî•üî•üî•üî•üî•üî•üî•üî•
1517200879212011520,dotsmy,Thu Apr 21 17:57:32 +0000 2022,-0.115406,51.4603395,Currently in the bowels of Waterloo station cursing my idleness
1517200881388859395,LindzDDub,Thu Apr 21 17:57:33 +0000 2022,-2.653238,53.543454,@Huelsie1 @GoodVibesMommy @k_wojo14 Awww thank you. I think what is also strange is that to this day I don't feel I‚Ä¶ https://t.co/5xdLIQs4fc
1517200885570543616,RanjanMallya,Thu Apr 21 17:57:34 +0000 2022,-0.09263300000000001,51.358931,@YNWA_AR He was Shite for RCB! üòÄ
1517200888850432001,S_Strickland,Thu Apr 21 17:57:34 +0000 2022,-0.0706035,51.464686,@LewishamLowdown I feel sorry for your buffets
1517200892163932162,I8arsenal29,Thu Apr 21 17:57:35 +0000 2022,1.049944,52.156107500000005,What a player https://t.co/IAIbMr2n47
1517200901693480960,Martyn210,Thu Apr 21 17:57:37 +0000 2022,-2.124442,52.493733500000005,@BigThickSlices @DavidDonlan4 Hes gone to h@ll in a handcart.
1517200901819277315,GeogheganCllr,Thu Apr 21 17:57:37 +0000 2022,-6.174398500000001,53.257283,‚ÄòThe United Arab Emirates has frozen the assets of the Kinahan drug trafficking gang‚Äô A very good day!! üëèüëèüëè https://t.co/4laDcQOSI1
1517200906856681472,footie5,Thu Apr 21 17:57:39 +0000 2022,-5.964056,54.6704215,"Heads banging, cramps in my legs, feel so dehydrated üôÑüôÑ"
1517200910916759553,camza1964,Thu Apr 21 17:57:40 +0000 2022,-3.612964,55.072292000000004,@dominiquemcd @gavio_mercury You  have got a good one in him
1517200910975479808,kaceyainsworth,Thu Apr 21 17:57:40 +0000 2022,-0.148936,51.500092,@vxckchelle Hi üëã hope you are well xxx
1517200915870228480,funkeolotu_,Thu Apr 21 17:57:41 +0000 2022,-1.852607,50.742267999999996,@oluwapelumi_ii I love it! That 2 piece was made for you
1517200921280884742,Lou__ize,Thu Apr 21 17:57:42 +0000 2022,-0.7640635,52.033567000000005,@BBJ36738714 Oh Jeff. Can‚Äôt take you anywhere üòÇüòÇüòÇüòÇ who said romance is dead! They lied. https://t.co/k9Grghfy7f
1517200921553477634,RoryBea10,Thu Apr 21 17:57:42 +0000 2022,-0.156911,51.492525,"We‚Äôre extending! ü•≥Come and see us before 7th May! You won‚Äôt regret it - this many stars can‚Äôt be wrong, surely?!‚Ä¶ https://t.co/fgqZyE0aqM"
1517200923596050438,JohnMur92523137,Thu Apr 21 17:57:43 +0000 2022,-6.395315500000001,52.957955999999996,@sean_ire @BirdWatchIE Looks like a  Rock Pipit.
1517200924560789508,Mazipita,Thu Apr 21 17:57:43 +0000 2022,-0.2735825,51.661621499999995,@Apaokueze_ She deleted it
1517200926909554689,pradeep_chennai,Thu Apr 21 17:57:43 +0000 2022,-0.29742999999999997,51.514752,Dhoni ohh man this is enough for this season - you are the best ever @msdhoni #CSKvsMi whataaaa finish
1517200928113401856,DaveakaFrank,Thu Apr 21 17:57:44 +0000 2022,-3.927119,50.997507,@antonioguterres @Malala The Afghans have suffered enough
1517200929195536390,jones2_me,Thu Apr 21 17:57:44 +0000 2022,-3.029984,51.645594,@domdyer70 @ATYKS3 Well said Dom. When the prime minister of the UK breaks the law I don't want to  see it swept un‚Ä¶ https://t.co/Vh2r1413iW
1517200931506601986,AmyKatherine_x,Thu Apr 21 17:57:44 +0000 2022,-0.442361,51.537060999999994,cast dropping like flies :( hoping they all get well soon x
1517200936455839752,mingzhen_wu,Thu Apr 21 17:57:46 +0000 2022,-0.1094,51.5141,"Happy Birthday to Her Majesty The Queen!I am loyal to Her Majesty The Queen!God Save The Queen! @ London, United‚Ä¶ https://t.co/8AB46xPaY8"
1517200937370243074,johnaa64,Thu Apr 21 17:57:46 +0000 2022,-0.032025,51.8116395,@Keir_Starmer It shows they have balls!Unlike you https://t.co/NNd4gZyuG8
1517200939056304133,navrupkaur,Thu Apr 21 17:57:46 +0000 2022,0.1618535,51.4795115,Thanks to @anandpur_exile for the names of the Gurmukh shaheeds from our wall‚Ä¶ the family and I will be doing lots‚Ä¶ https://t.co/Bf6VLx0aZx
1517200946224324608,MelissaBUSTED,Thu Apr 21 17:57:48 +0000 2022,0.044914,51.5160475,"Any other day: sleeps really well, has a nap for lunch and after work Today specifically when I need to sleep befo‚Ä¶ https://t.co/njePV8rkD4"
1517200945834303490,SpeshThePoet,Thu Apr 21 17:57:48 +0000 2022,-0.1937195,51.4516565,Oh fuck off https://t.co/fnONqXspnA
1517200947109404672,stephylouise,Thu Apr 21 17:57:48 +0000 2022,-0.8380555,52.796791,My work are hiring! ‚¨áÔ∏è#publishingjobs #workinpublishing
1517200947390271488,Domino1973L,Thu Apr 21 17:57:48 +0000 2022,-1.12184379,52.6819014,Great to have the pads and gloves out tonight Amber‚Ä¶looking forward to seeing the videos ü•äü•äTonight it‚Äôs leftovers‚Ä¶ https://t.co/py1BP3Fsr8
1517200954050945026,unitedgirl566,Thu Apr 21 17:57:50 +0000 2022,-0.566243,52.27143,@bernerlap @neill_bob It's all about brexit
1517200958073286662,Gnaes,Thu Apr 21 17:57:51 +0000 2022,-3.816066,55.234444999999994,@zerocovidzoe @__Deep_Green I'd hardly use China as a benchmarker! Its an authoritarian state that won't give any i‚Ä¶ https://t.co/UoePQrxyj2
1517200962338926595,bronwenbanks,Thu Apr 21 17:57:52 +0000 2022,-1.216432,54.67899,@SallieGhost No I hope when they do they video  it
1517200967657156608,GreenLManston,Thu Apr 21 17:57:53 +0000 2022,-0.2527539999999999,51.3854455,Please consider voting for me as a representative for the South East in the Co Op Members' Council election. Deta‚Ä¶ https://t.co/Hvj3FDPRVx
1517200969578258433,Jannerman5,Thu Apr 21 17:57:54 +0000 2022,-4.200441,57.739454,@DavidCa69831622 üëèüôèüá¨üáß Ditto Constable ü§† https://t.co/E53IBIi9AH
1517200972438720512,nigeladdis,Thu Apr 21 17:57:54 +0000 2022,-2.366933,51.3796495,@TheFleeceInn @SoABeerFestival @CAMRA_Official üí™üèºüç∫congrats!!
1517200972543578112,TerryMa21612974,Thu Apr 21 17:57:54 +0000 2022,-0.4023905,54.238763000000006,What a finish #IPL2022 #MIvsCSK @msdhoni7781 #T20 #Cricket üèè https://t.co/fSLT1zH7tz
1517200975022415873,WillieMcAlpine,Thu Apr 21 17:57:55 +0000 2022,-0.33394250000000003,53.765817,@davidkbruce @idca__ Didn't they do Animal (F*** Like a Beast)?
1517200974879862788,Dazzlebrum,Thu Apr 21 17:57:55 +0000 2022,-1.8906405,52.4939665,Sending a sample of my poo in the post is a new low to honest in my middle aged life.üôÑ.#BowelCancerAwarenessMonth‚Ä¶ https://t.co/QbbpBMpEn9
1517200978734419969,Michele37769534,Thu Apr 21 17:57:56 +0000 2022,-1.6505805,51.2853915,@SalisburySHC Good luck and have fun üëç
1517200985160048641,PupSnapUK,Thu Apr 21 17:57:57 +0000 2022,-0.08816099999999999,51.489262999999994,@JazzBDSM Well you look very sexy in rubber. üòä
1517200989371125762,NathanMort2,Thu Apr 21 17:57:58 +0000 2022,-3.0394275,53.362693,I went into the screening a boy and came out a blood thirsty wolf man wanting revenge üó°ü©∏üê∫2nd best film this year‚Ä¶ https://t.co/gyYlsiw6Wf
1517200991636140036,Nativewolf666,Thu Apr 21 17:57:59 +0000 2022,-2.2038685,52.526056499999996,Check out what I found on the @Ancestry @AncestryUK https://t.co/pgVSOPfEKy
1517200994760806400,WHL_Rozzer,Thu Apr 21 17:58:00 +0000 2022,1.161663,52.0571135,"@BoxingWgli Mate. I‚Äôve ridden the roads of Isle of Mann &amp; tbh, other than the mountain roads I barely topped 40.. t‚Ä¶ https://t.co/ceoeB05suN"
1517200995457155076,ironsie1,Thu Apr 21 17:58:00 +0000 2022,-0.882951,52.238854,I just entered this giveaway to win 4 tickets to The Gunpowder Plot press night and thought you might like to try a‚Ä¶ https://t.co/65dlIOMo80
1517200996329476098,doctorcaldwell,Thu Apr 21 17:58:00 +0000 2022,-4.200441,57.739454,@jmwoods87 @katemasters67 @drkathrynmannix @K_G_Spearpoint @DrLindaDykes @ResusCouncilUK @gmcuk @theRCN @nmcnews Correct
1517200999802417153,aanayiaadnan,Thu Apr 21 17:58:01 +0000 2022,-1.8906405,52.4939665,Lottayyy #ÿßŸÖŸæŸàÿ±Ÿπ⁄à_ÿ≠⁄©ŸàŸÖÿ™_ŸÜÿßŸÖŸÜÿ∏Ÿàÿ±
1517200999756218372,alexhaskett,Thu Apr 21 17:58:01 +0000 2022,-0.1221222,51.5108719,Drinking a Burger Beer by @lainebrewco at @honestburgers ‚Äî https://t.co/DyKMuImLcF
1517201007318552577,yaa_is_flying,Thu Apr 21 17:58:03 +0000 2022,-2.563971,51.517593,G-OMAA spotted at 18:57. Speed: 101.1 knots at 1353ft on heading: 27.1deg. Location: https://t.co/i9S3tlTmly Photo:‚Ä¶ https://t.co/pPH7rST5Wd
1517201008031637504,Mich_Parsons,Thu Apr 21 17:58:03 +0000 2022,-2.298134,52.84709,This is amazing! If you want to do more activities like this check out the #sunsetsurvey ü¶áüòé @BCT_NBMP  ‚Äî-&gt;‚Ä¶ https://t.co/qsHjX7lVJh
1517201008698576899,LynnMcMillan123,Thu Apr 21 17:58:03 +0000 2022,-4.4967795,55.611852,"@Caroline3644540 It doesn‚Äôt feel ok eh, costs creeping up and impacting on everything"
1517201015258468352,davePnixon91,Thu Apr 21 17:58:04 +0000 2022,-1.8073614999999998,54.862659,@OliOnTwt69 @RT_com I think your getting confused with the Azov battalion from the Ukraine ...
1517201016588058626,KildareFan2022,Thu Apr 21 17:58:05 +0000 2022,-6.815333,53.15480650000001,A mad 10 mins of Kildare giving the ball away with every attack means Offaly have wiped out the big early lead and‚Ä¶ https://t.co/O5zMlTwMgj
1517201019058409473,AbladeRay,Thu Apr 21 17:58:05 +0000 2022,-3.0079355,53.8744225,Stop been so negative! Why not it  could be fantastic news .
1517201023248523264,dancludlow,Thu Apr 21 17:58:06 +0000 2022,1.08594,51.129808499999996,Dungeness Lighthouse this evening. https://t.co/W0oeSV3WYm
1517201026293641216,AgeConcernLuton,Thu Apr 21 17:58:07 +0000 2022,-0.4323375,51.8944435,This:
1517201026855669762,ClevelandHike,Thu Apr 21 17:58:07 +0000 2022,-3.4468685,55.012153,Happy Birthday to Her Majesty the Queen. God Save the Queen.#QueenElizabeth https://t.co/wmDFii0AQ5
1517201026989707265,markross1968,Thu Apr 21 17:58:07 +0000 2022,-6.8059495000000005,52.69074,Good day in Cahir with the COE we played a inter centre game against Kerry. It gives the lads an opportunity to pla‚Ä¶ https://t.co/WG1Khy2SSB
1517201031163224065,ShunterJack,Thu Apr 21 17:58:08 +0000 2022,-0.148936,51.500092,"@Phoenix_GTR @LiamMack313 If you can wait until I go back to work Sunday, I can tell you ü§£"
1517201038817775619,PipTheDog5,Thu Apr 21 17:58:10 +0000 2022,0.2515055,51.142153,"@MaudeGertrude Yes! A supper roll. Lovely! Have a great evening, Gertrude Maude! üêïüê∂üêæ"
1517201039312699392,TheTeaMonkey,Thu Apr 21 17:58:10 +0000 2022,-1.541876,53.991231,"Wow, relationships are expensive ü§∑‚Äç‚ôÄÔ∏è https://t.co/Y3lHiddQBF"
1517201040671662080,stellywelly55,Thu Apr 21 17:58:10 +0000 2022,0.458439,51.3001085,@SohoDepot A lost bear is a very sad sight.
1517201040604598272,mbplumbers,Thu Apr 21 17:58:10 +0000 2022,-1.1140984999999999,52.985326,@nottinghambs @PanthersIHC Guilford flames üî•
1517201048200437760,jonbyrne,Thu Apr 21 17:58:12 +0000 2022,-2.1556405,53.4146085,@StephaniMok @Inexplicablyso Brilliant it's definitely the future. We just need to decide what to do on Lou's to ge‚Ä¶ https://t.co/FaOZcpcZY4
1517201050712879104,3EyedTiger,Thu Apr 21 17:58:13 +0000 2022,-4.0016169999999995,52.404436,@johnanorth @OrwellsTache Ooo just reading up on OSR now
1517201052528959488,flaneurUK,Thu Apr 21 17:58:13 +0000 2022,-0.2527539999999999,51.3854455,@PookyD81 @leglessAlex So you are suggesting by that terse response that a newly laid stretch of tarmac is the same‚Ä¶ https://t.co/3CBrTRjfUC
1517201053762076672,LiamCahill2013,Thu Apr 21 17:58:14 +0000 2022,-6.7754335,53.649918,@josephamadigan Paddy was a lovely man. A right twinkle in his eye.
1517201055636938752,lindaloubecks1,Thu Apr 21 17:58:14 +0000 2022,-4.1522165,55.8906785,When shes meant to be going in for a bath but says shes out out cards for uno lol https://t.co/vrHaFcKqmy
1517201061643231232,doc_gnome,Thu Apr 21 17:58:15 +0000 2022,0.8731215,51.1419255,First ride on the bike since straining my back and lovely to be back out in the sunshine. Up to King's Wood to see‚Ä¶ https://t.co/MSCzeAm00B
1517201063778078725,PrestonAction,Thu Apr 21 17:58:16 +0000 2022,-2.7016375000000004,53.774091,All these energy saving measures are what people concerned about climate change have been saying for years.BBC New‚Ä¶ https://t.co/nDk5B5FEgZ
1517201072758132736,moralbiscuits,Thu Apr 21 17:58:18 +0000 2022,-5.928413,54.595869,There's a strange expectation that comes with being Syrian now.Like I get askedDo you support Assad?Are you he‚Ä¶ https://t.co/9DR1OAZKoV
1517201072963698688,wherethelegends,Thu Apr 21 17:58:18 +0000 2022,-0.018734,51.5992555,Ye cheez mere azeez
1517201075102703616,LiamMack313,Thu Apr 21 17:58:19 +0000 2022,0.058185,50.8937935,I‚Äôm sure @ShunterJack will be looking forward to having it backüòÖ
1517201080098172929,LucyJDickson17,Thu Apr 21 17:58:20 +0000 2022,-2.583927,51.458235,Home after a brilliant few days in Bristol on the #DipHEPPR course. Lots of great learning &amp; sharing of information‚Ä¶ https://t.co/Nl3KYuAK6T
1517201082631475200,salfordbeerfest,Thu Apr 21 17:58:20 +0000 2022,-2.4349524999999996,53.5841845,@RossCider @FormerCiderBuzz An excellent human indeed. Happy birthday Dick!!!!!
1517201085106163715,HOLDSWORTH___,Thu Apr 21 17:58:21 +0000 2022,-1.3574115,54.2253405,@JoshAHobbs @tdwoodhead Feels like he's heading for a Falling Down moment. https://t.co/v0WfNngeNo
1517201086238625797,BBrownyy_,Thu Apr 21 17:58:21 +0000 2022,-1.508545,53.6791975,@K6_Villa @AVFCTheReligion Mings agenda over by far the weakest spot in our team aka a defensive mid ü§£
1517201086188335109,TheDublinJenn,Thu Apr 21 17:58:21 +0000 2022,-6.399521,53.2735025,@CoMerrigan @logical_conor That's a small percentage of people. Lots in decent paying jobs couldn't live on it. I h‚Ä¶ https://t.co/w1Et0y7Ue4
1517201088759357443,MODfilm,Thu Apr 21 17:58:22 +0000 2022,-1.4496120000000001,53.3831645,@jonwardle @BroadwayCinema @asifkapadia Great venue. Looking forward to the #Laika screenings coming further north‚Ä¶ https://t.co/7JUIBRWLrt
1517201089539489799,3bolland,Thu Apr 21 17:58:22 +0000 2022,-0.115406,51.4603395,"@ArunWHU @MisterGuilbert If I don‚Äôt get a ticket I‚Äôm jibbing it either way, so there‚Äôs no way I‚Äôm not in there geez"
1517201089824763906,jones2_me,Thu Apr 21 17:58:22 +0000 2022,-3.029984,51.645594,@here_to_smile @domdyer70 Aphra you are beautiful and intelligent. Yes get stuffed Sarah
1517201090793590792,Malibuseo,Thu Apr 21 17:58:22 +0000 2022,-4.18646,55.7594635,@jimin4chairman @mp12122 Congratulations üéâ üéä üëè üíê ü•≥ üéâ
1517201095801647104,R_o_M,Thu Apr 21 17:58:24 +0000 2022,-2.23348,53.4569525,@jobo12379 I haven‚Äôt ever defended his homophobia so I‚Äôm not sure what you mean? Do you lot always resort to weird‚Ä¶ https://t.co/v7u27G3nOd
1517201097307394049,sunnychuks,Thu Apr 21 17:58:24 +0000 2022,-0.189289,51.4108755,"@enyinnayaibeka @iykimo Genesis 4:1""And Adam knew Eve his wife; and she conceived, and bare Cain"""
1517201110259412993,jackoshot,Thu Apr 21 17:58:27 +0000 2022,-1.4761795000000002,55.0822095,@SpanielsSuper Thanks for the tails up Super Spaniels üëç
1517201112893464576,richmcurtis,Thu Apr 21 17:58:28 +0000 2022,-2.9870915,51.2621435,@AlAlexander81 I think it‚Äôs too late to hide my beer drinking now lol‚Ä¶ https://t.co/Q0uAxGBYwz
1517201116462731269,FoodTextiles,Thu Apr 21 17:58:29 +0000 2022,-4.8828320000000005,55.865187000000006,S3 were given the task of designing their own taco bowl. Lots of good ideas though some forget to add the vegetable‚Ä¶ https://t.co/doHQwyWkIE
1517201117024858113,NK21D1,Thu Apr 21 17:58:29 +0000 2022,-0.148936,51.500092,TB to the first time I saw @isaacandersonuk - supporting my fave band @onlythepoetsuk at the Garage last November.‚Ä¶ https://t.co/UDGUEMCFBx
1517201119050612736,Shaunjenks,Thu Apr 21 17:58:29 +0000 2022,-2.7621095,52.715233,"I mean I knew inflation was bad right now, but this is ridiculousüòÇ. @monzo https://t.co/ngS6ak3iwa"
1517201120849977345,LynnMcMillan123,Thu Apr 21 17:58:30 +0000 2022,-4.4967795,55.611852,@TommyQ81 They‚Äôre daft if they don‚Äôt
1517201124033499137,Artetastyle8,Thu Apr 21 17:58:30 +0000 2022,-6.2476215,53.354902499999994,Can't see why we can't win all of these games tbh. We just need to be confident and attack like we did against Chel‚Ä¶ https://t.co/N6AGu69kge
1517201127233761280,FrauHopkins,Thu Apr 21 17:58:31 +0000 2022,-1.787248,53.7128295,@abi_235 @theLBT The costumes are amazing!
1517201131755212801,AndyJDHM,Thu Apr 21 17:58:32 +0000 2022,-0.148936,51.500092,@MattyHull92 what you reckon the car park sitch is? üòÇ
1517201131943960576,HannahBishop79,Thu Apr 21 17:58:32 +0000 2022,-0.2527539999999999,51.3854455,@traceyfromrasen @RTPhillips1 Thank you Tracey. Delighted for the yard &amp; Liz. Super ride by Finn üíõüíô
1517201130606018560,CotsLifeEditor,Thu Apr 21 17:58:32 +0000 2022,-2.173428,51.752396,It's time! @giffordscircus ü§òüñ§ https://t.co/Q2avcVBLDf
1517201135651729409,yukolee,Thu Apr 21 17:58:33 +0000 2022,-2.2472365,53.0181555,"National Live Theatre, Henley V, in 2 mins due. 406 years have almost passed since Shakespeare passed away. 2022 - 1616 April 23..."
1517201140328325120,sam_ratliffe,Thu Apr 21 17:58:34 +0000 2022,-1.1703515,50.851062999999996,"@HQSoton Yeah, a bit worried for him tonight but hope he proves us wrong"
1517201140936593410,RafLee84,Thu Apr 21 17:58:34 +0000 2022,-0.0350195,51.5148305,@massively_mode Was it good? I just started.
1517201143306330113,rabjourno,Thu Apr 21 17:58:35 +0000 2022,-3.2030085,55.9431955,"Huge congratulations to my old friend Keith Harris on becoming Rector of Dundee University. Go on, Keith, book Stev‚Ä¶ https://t.co/KWU87crQcf"
1517201146313641986,spideytaemin,Thu Apr 21 17:58:36 +0000 2022,-0.148936,51.500092,@midnightbishop YOU LOVE HANDS‚Ä¶ I raised you well
1517201150424109063,daveglumart,Thu Apr 21 17:58:37 +0000 2022,0.127886,51.554019,Exactly  @itvpeston @PaulBrandITV #KayBurley @GaryGibbonC4
1517201152349290497,kirkyboy79,Thu Apr 21 17:58:37 +0000 2022,-3.1798,51.497001499999996,@bart4085 Pissed anymore in the house mate?
